Workbook

Sheet Laptop only
A1: No. | B1: Full Name | C1: Initials | D1: Division | E1: Position | F1: Model | G1: Brand | H1: Year Acquired/Transferred | I1: Years in service | J1: Serial Number | K1: Method of Procurement | L1: Current Custodian | M1: Remarks
A2: 1 | B2: Editha T. Ramos | C2: ETR | D2: EPRED | E2: Chief | F2: Predator Helios 300 | G2: =VLOOKUP(F2,Data!$B$122:$C$135,2,FALSE) -> Acer | H2: =VLOOKUP(F2,Data!$B$122:$D$135,3,FALSE) -> 2021 | I2: =YEAR(TODAY()) - H2 -> 5 | J2: NHQAUSP00111116A333400 | K2: Through LFP | L2: Editha T. Ramos
D3: EPRED | F3: Macbook Pro 13 Inch M2 | G3: =VLOOKUP(F3,Data!$B$122:$C$135,2,FALSE) -> Apple | H3: =VLOOKUP(F3,Data!$B$122:$D$135,3,FALSE) -> 2023 | I3: =YEAR(TODAY()) - H3 -> 3 | K3: Through LFP | L3: Editha T. Ramos
A4: 2 | B4: Roselle L. Ibuna | C4: RLI | D4: EPRED | E4: OIC-Supervising Science Research Specialist | F4: Macbook Pro 13 Inch M2 | G4: =VLOOKUP(F4,Data!$B$122:$C$135,2,FALSE) -> Apple | H4: =VLOOKUP(F4,Data!$B$122:$D$135,3,FALSE) -> 2023 | I4: =YEAR(TODAY()) - H4 -> 3 | J4: CJ7KXX9JKD | K4: Through LFP | L4: Roselle L. Ibuna
D5: EPRED | F5: TUF | G5: =VLOOKUP(F5,Data!$B$122:$C$135,2,FALSE) -> Asus | H5: =VLOOKUP(F5,Data!$B$122:$D$135,3,FALSE) -> 2020 | I5: =YEAR(TODAY()) - H5 -> 6 | J5: L8NRCX029705339 | K5: Through LFP | L5: Transfer to EVIMD (c/o Jenny Ramos)
D6: EPRED | F6: Predator Helios 300 | G6: =VLOOKUP(F6,Data!$B$122:$C$135,2,FALSE) -> Acer | H6: =VLOOKUP(F6,Data!$B$122:$D$135,3,FALSE) -> 2021 | I6: =YEAR(TODAY()) - H6 -> 5 | J6: L8NRCX029705339 | K6: Through LFP | L6: Suzanne M. Pantaleon
A7: 3 | B7: Joan C. Escalona | C7: JCE | D7: EPRED | E7: Supervising Science Research Specialist | F7: Predator Helios 16 | G7: =VLOOKUP(F7,Data!$B$122:$C$135,2,FALSE) -> Acer | H7: =VLOOKUP(F7,Data!$B$122:$D$135,3,FALSE) -> 2024 | I7: =YEAR(TODAY()) - H7 -> 2 | J7: NHQNXSP00141300BAC7600 | K7: Through LFP | L7: Mary Ann M. Fernando
D8: EPRED | F8: Macbook Pro 13 Inch M2 | G8: =VLOOKUP(F8,Data!$B$122:$C$135,2,FALSE) -> Apple | H8: =VLOOKUP(F8,Data!$B$122:$D$135,3,FALSE) -> 2023 | I8: =YEAR(TODAY()) - H8 -> 3 | J8: MJL6KWYPVW | K8: Through LFP | L8: Joan C. Escalona
A9: 4 | B9: Steven Ivan G. Caiña | C9: SIGC | D9: EPRED | E9: OIC-Senior Science Research Specialist | F9: Macbook Pro 14 Inch M2 | G9: =VLOOKUP(F9,Data!$B$122:$C$135,2,FALSE) -> Apple | H9: =VLOOKUP(F9,Data!$B$122:$D$135,3,FALSE) -> 2023 | I9: =YEAR(TODAY()) - H9 -> 3 | J9: D6KCXF4R9D | K9: Through LFP | L9: Steven Ivan G. Caiña
D10: EPRED | F10: Predator Helios 300 | G10: =VLOOKUP(F10,Data!$B$122:$C$135,2,FALSE) -> Acer | H10: =VLOOKUP(F10,Data!$B$122:$D$135,3,FALSE) -> 2021 | I10: =YEAR(TODAY()) - H10 -> 5 | J10: NHQAUSPOO1111177763400 | K10: Through LFP | L10: Sheila C. Gadil
D11: EPRED | F11: Predator Helios 300 | G11: =VLOOKUP(F11,Data!$B$122:$C$135,2,FALSE) -> Acer | H11: =VLOOKUP(F11,Data!$B$122:$D$135,3,FALSE) -> 2021 | I11: =YEAR(TODAY()) - H11 -> 5 | J11: NHQAUSP0011111767D3400 | K11: Through LFP | L11: Carlo S. Arriola
D12: EPRED | F12: Predator Helios 300 | G12: =VLOOKUP(F12,Data!$B$122:$C$135,2,FALSE) -> Acer | H12: =VLOOKUP(F12,Data!$B$122:$D$135,3,FALSE) -> 2021 | I12: =YEAR(TODAY()) - H12 -> 5 | J12: NHQAUSPOO11111720E3400 | K12: Through LFP | L12: Argy E. Gatdula
D13: EPRED | F13: Predator Helios 300 | G13: =VLOOKUP(F13,Data!$B$122:$C$135,2,FALSE) -> Acer | H13: =VLOOKUP(F13,Data!$B$122:$D$135,3,FALSE) -> 2021 | I13: =YEAR(TODAY()) - H13 -> 5 | J13: NHQC1SP002147275433400 | K13: Through LFP | L13: Benlie Mae B. Antonio
D14: EPRED | F14: TUF | G14: =VLOOKUP(F14,Data!$B$122:$C$135,2,FALSE) -> Asus | H14: =VLOOKUP(F14,Data!$B$122:$D$135,3,FALSE) -> 2020 | I14: =YEAR(TODAY()) - H14 -> 6 | J14: L8NRCX029725337 | K14: Through LFP | L14: Ara Jane C. Canaria
A15: 5 | B15: Aaron R. Premacio | C15: ARP | D15: EPRED | E15: Senior Science Research Specialist | F15: Predator Helios 16 | G15: =VLOOKUP(F15,Data!$B$122:$C$135,2,FALSE) -> Acer | H15: =VLOOKUP(F15,Data!$B$122:$D$135,3,FALSE) -> 2024 | I15: =YEAR(TODAY()) - H15 -> 2 | J15: NHQNXSP00141300C387600 | K15: Through LFP | L15: Aaron R. Premacio
D16: EPRED | F16: Predator Helios 300 | G16: =VLOOKUP(F16,Data!$B$122:$C$135,2,FALSE) -> Acer | H16: =VLOOKUP(F16,Data!$B$122:$D$135,3,FALSE) -> 2021 | I16: =YEAR(TODAY()) - H16 -> 5 | K16: Through LFP | L16: Michael Angelo O. Guarin
D17: EPRED | F17: TUF | G17: =VLOOKUP(F17,Data!$B$122:$C$135,2,FALSE) -> Asus | H17: =VLOOKUP(F17,Data!$B$122:$D$135,3,FALSE) -> 2020 | I17: =YEAR(TODAY()) - H17 -> 6 | J17: L8NRCX02972133B | K17: Through LFP | L17: Kristine Joy. B. Villaluz
A18: 6 | B18: Celedonio Tiu Salle | C18: CTS | D18: EPRED | E18: Senior Science Research Specialist | F18: Predator Helios 16 | G18: =VLOOKUP(F18,Data!$B$122:$C$135,2,FALSE) -> Acer | H18: =VLOOKUP(F18,Data!$B$122:$D$135,3,FALSE) -> 2024 | I18: =YEAR(TODAY()) - H18 -> 2 | J18: NHQNXSP00141300C097600 | K18: Through LFP | L18: Celedonio Tiu Salle
A19: 7 | B19: Erwin-Lou D. Peregrino | C19: EDP | D19: EPRED | E19: Science Research Specialist II | F19: Predator Helios 16 | G19: =VLOOKUP(F19,Data!$B$122:$C$135,2,FALSE) -> Acer | H19: =VLOOKUP(F19,Data!$B$122:$D$135,3,FALSE) -> 2024 | I19: =YEAR(TODAY()) - H19 -> 2 | J19: NHQNXSP00141300A5D7600 | K19: Through LFP | L19: Erwin-Lou D. Peregrino
D20: EPRED | F20: Predator Helios 16 | G20: =VLOOKUP(F20,Data!$B$122:$C$135,2,FALSE) -> Acer | H20: =VLOOKUP(F20,Data!$B$122:$D$135,3,FALSE) -> 2024 | I20: =YEAR(TODAY()) - H20 -> 2 | J20: NHQNXSP0014130097B7600 | K20: Through LFP | L20: James C. Francisco
A21: 8 | B21: Catherine C. Cadiz | C21: CCC | D21: EPRED | E21: Science Research Specialist II | F21: Predator Helios 16 | G21: =VLOOKUP(F21,Data!$B$122:$C$135,2,FALSE) -> Acer | H21: =VLOOKUP(F21,Data!$B$122:$D$135,3,FALSE) -> 2024 | I21: =YEAR(TODAY()) - H21 -> 2 | J21: NHQNXSP00141300BDE7600 | K21: Through LFP | L21: Catherine C. Cadiz
D22: EPRED | F22: Macbook Pro 13 Inch M2 | G22: =VLOOKUP(F22,Data!$B$122:$C$135,2,FALSE) -> Apple | H22: =VLOOKUP(F22,Data!$B$122:$D$135,3,FALSE) -> 2023 | I22: =YEAR(TODAY()) - H22 -> 3 | K22: Through LFP | L22: Catherine C. Cadiz | M22: Reserve | N22: Reymund G. Fiecas - Lserv to be deploy
A23: 9 | B23: Chesca Mie A. Gaduyon | C23: CMAG | D23: EPRED | E23: Science Research Specialist II | F23: Macbook Pro 13 Inch M2 | G23: =VLOOKUP(F23,Data!$B$122:$C$135,2,FALSE) -> Apple | H23: =VLOOKUP(F23,Data!$B$122:$D$135,3,FALSE) -> 2023 | I23: =YEAR(TODAY()) - H23 -> 3 | J23: CWDKH2WLT6 | K23: Through LFP | L23: Chesca Mie A. Gaduyon
A24: 10 | B24: Marienelle S. Santos | C24: MSS | D24: EPRED | E24: Science Research Specialist II | F24: Macbook Pro 13 Inch M2 | G24: =VLOOKUP(F24,Data!$B$122:$C$135,2,FALSE) -> Apple | H24: =VLOOKUP(F24,Data!$B$122:$D$135,3,FALSE) -> 2023 | I24: =YEAR(TODAY()) - H24 -> 3 | J24: SHXJLD2TQ1WFV | K24: Through LFP | L24: Marienelle S. Santos
D25: EPRED | F25: Macbook Air 13 inch M1 | G25: =VLOOKUP(F25,Data!$B$122:$C$135,2,FALSE) -> Apple | H25: =VLOOKUP(F25,Data!$B$122:$D$135,3,FALSE) -> 2022 | I25: =YEAR(TODAY()) - H25 -> 4 | K25: Through LFP | L25: Hannah Isabel L. Cumpas
A26: 11 | B26: Daniel Vincent P. De Guzman | C26: DVDG | D26: EPRED | E26: Science Research Specialist II | F26: Predator Helios 16 | G26: =VLOOKUP(F26,Data!$B$122:$C$135,2,FALSE) -> Acer | H26: =VLOOKUP(F26,Data!$B$122:$D$135,3,FALSE) -> 2024 | I26: =YEAR(TODAY()) - H26 -> 2 | J26: NHQNXSP00141300C8C7600 | K26: Through LFP | L26: Daniel Vincent P. De Guzman
A27: 12 | B27: Von Jari A. Anievas | C27: VJA | D27: EPRED | E27: Science Research Specialist I | F27: Predator Helios 16 | G27: =VLOOKUP(F27,Data!$B$122:$C$135,2,FALSE) -> Acer | H27: =VLOOKUP(F27,Data!$B$122:$D$135,3,FALSE) -> 2024 | I27: =YEAR(TODAY()) - H27 -> 2 | L27: Von Jari A. Anievas
A28: 12 | B28: Chester Syrill J. De Castro | C28: CSJDC | D28: EPRED | E28: Science Research Specialist I | F28: Predator Helios 300 | G28: =VLOOKUP(F28,Data!$B$122:$C$135,2,FALSE) -> Acer | H28: =VLOOKUP(F28,Data!$B$122:$D$135,3,FALSE) -> 2021 | I28: =YEAR(TODAY()) - H28 -> 5 | J28: NHQAUSP001111167B03400 | K28: Through LFP | L28: Chester Syrill J. De Castro | M28: Reserve | N28: Lserv to be deploy
F29: Macbook Pro 13 Inch M2 | G29: =VLOOKUP(F29,Data!$B$122:$C$135,2,FALSE) -> Apple | H29: =VLOOKUP(F29,Data!$B$122:$D$135,3,FALSE) -> 2023 | I29: =YEAR(TODAY()) - H29 -> 3 | K29: Through LFP | L29: Chester Syrill J. De Castro
A30: 13 | B30: Marvin B. Bahia | C30: MBB | D30: EPRED | E30: Science Research Specialist I | F30: Predator Helios 300 | G30: =VLOOKUP(F30,Data!$B$122:$C$135,2,FALSE) -> Acer | H30: =VLOOKUP(F30,Data!$B$122:$D$135,3,FALSE) -> 2021 | I30: =YEAR(TODAY()) - H30 -> 5 | J30: NHQAUSP001111172DB3400 | K30: Through LFP | L30: Marvin B. Bahia
A31: 14 | B31: Christine Joy M. Lamzon | C31: CJML | D31: EPRED | E31: Administrative Aide VI | F31: Predator Helios 16 | G31: =VLOOKUP(F31,Data!$B$122:$C$135,2,FALSE) -> Acer | H31: =VLOOKUP(F31,Data!$B$122:$D$135,3,FALSE) -> 2024 | I31: =YEAR(TODAY()) - H31 -> 2 | J31: NHQNXSP001413009A37600 | K31: Through LFP | L31: Christine Joy M. Lamzon
A32: 17 | B32: Daniel Collin G. Jornales | C32: DCGJ | D32: EPMPD | E32: Chief Science Research Specialist | F32: Macbook Pro 14 Inch M2 | G32: =VLOOKUP(F32,Data!$B$122:$C$135,2,FALSE) -> Apple | H32: =VLOOKUP(F32,Data!$B$122:$D$135,3,FALSE) -> 2023 | I32: 1 | J32: CGQJ1YYVKC | K32: Through LFP | L32: Hans Christer A. Arcilla
D33: EPMPD | F33: Predator Helios 16 | G33: =VLOOKUP(F33,Data!$B$122:$C$135,2,FALSE) -> Acer | H33: =VLOOKUP(F33,Data!$B$122:$D$135,3,FALSE) -> 2024 | I33: =YEAR(TODAY()) - H33 -> 2 | J33: NHQNXSP00141300AD77600 | K33: Through LFP | L33: Mark Adrian A. Aclon
A34: 18 | B34: Cynthia P.J. Mañalac | C34: CPJM | D34: EPMPD | E34: Supervising Science Research Specialist | F34: Travelmate | G34: =VLOOKUP(F34,Data!$B$122:$C$135,2,FALSE) -> Acer | H34: =VLOOKUP(F34,Data!$B$122:$D$135,3,FALSE) -> 2022 | I34: 1 | K34: ITMS | L34: Judy Ann P. Santos | M34: For Transfer
D35: EPMPD | F35: Macbook Pro 13 Inch M2 | G35: Apple | H35: 2023 | I35: 3 | K35: Through LFP
A36: 19 | B36: Christian Harris T. Hernaez | C36: CHTH | D36: EPMPD | E36: OIC Supervising Science Research Specialist | F36: Macbook Pro 13 Inch M2 | G36: =VLOOKUP(F36,Data!$B$122:$C$135,2,FALSE) -> Apple | H36: =VLOOKUP(F36,Data!$B$122:$D$135,3,FALSE) -> 2023 | I36: =YEAR(TODAY()) - H36 -> 3 | J36: XHW7KY7CQV | K36: Through LFP | L36: Christian Harris T. Hernaez
D37: EPMPD | F37: Macbook Air 13 inch 2017 | G37: =VLOOKUP(F37,Data!$B$122:$C$135,2,FALSE) -> Apple | H37: =VLOOKUP(F37,Data!$B$122:$D$135,3,FALSE) -> 2017 | I37: =YEAR(TODAY()) - H37 -> 9 | J37: FVFY486Z1WK | K37: Through LFP | L37: Christian Harris T. Hernaez | M37: For RTS
D38: EPMPD | F38: Predator Helios 16 | G38: =VLOOKUP(F38,Data!$B$122:$C$135,2,FALSE) -> Acer | H38: =VLOOKUP(F38,Data!$B$122:$D$135,3,FALSE) -> 2024 | I38: =YEAR(TODAY()) - H38 -> 2 | J38: NHQNXSP00141300B817600 | K38: Through LFP | L38: Transferred to Helen C. Roldan (FS-AD) | M38: For Transfer
D39: EPMPD | F39: FX506ll | G39: =VLOOKUP(F39,Data!$B$122:$C$135,2,FALSE) -> Asus | H39: =VLOOKUP(F39,Data!$B$122:$D$135,3,FALSE) -> 2021 | I39: =YEAR(TODAY()) - H39 -> 5 | J39: L8NRCX029715333 | K39: Through LFP | L39: Christian Harris T. Hernaez | M39: For RTS | N39: Deffective
D40: EPMPD | F40: ASPIRE 3 i5 | G40: =VLOOKUP(F40,Data!$B$122:$C$135,2,FALSE) -> Acer | H40: =VLOOKUP(F40,Data!$B$122:$D$135,3,FALSE) -> 2021 | I40: =YEAR(TODAY()) - H40 -> 5 | J40: NXHNSSP0029500422E7600 | K40: Through LFP | L40: Christian Harris T. Hernaez | M40: For RTS | N40: Deffective
A41: 20 | B41: Dave Angelo T. Cabalteja | C41: DATC | D41: EPMPD | E41: Science Research Specialist II | F41: Predator Helios 300 | G41: =VLOOKUP(F41,Data!$B$122:$C$135,2,FALSE) -> Acer | H41: =VLOOKUP(F41,Data!$B$122:$D$135,3,FALSE) -> 2021 | I41: =YEAR(TODAY()) - H41 -> 5 | J41: NHQAUSPOO111117A733400 | K41: Through LFP | M41: For Transfer
D42: EPMPD | F42: Predator Helios 16 | G42: =VLOOKUP(F42,Data!$B$122:$C$135,2,FALSE) -> Acer | H42: =VLOOKUP(F42,Data!$B$122:$D$135,3,FALSE) -> 2024 | I42: =YEAR(TODAY()) - H42 -> 2 | J42: NHQNXSP001413009F07600 | K42: Through LFP | L42: Ronald Gregorio P. Gudoy
D43: EPMPD | F43: Travelmate | G43: =VLOOKUP(F43,Data!$B$122:$C$135,2,FALSE) -> Acer | H43: =VLOOKUP(F43,Data!$B$122:$D$135,3,FALSE) -> 2022 | I43: =YEAR(TODAY()) - H43 -> 4 | J43: NXVPQSP01F1373D0177600 | K43: ITMS | L43: Dave Angelo M. Cabalteja | M43: Reserve
A44: 21 | B44: Vittorio Leif Ericson J. Santos | C44: VLEJS | D44: EPMPD | E44: Senior Science Research Specialist | F44: Macbook Pro 13 Inch M2 | G44: =VLOOKUP(F44,Data!$B$122:$C$135,2,FALSE) -> Apple | H44: =VLOOKUP(F44,Data!$B$122:$D$135,3,FALSE) -> 2023 | I44: =YEAR(TODAY()) - H44 -> 3 | J44: LCJ397KV36 | K44: Through LFP | L44: Vittorio Leif Ericson J. Santos
D45: EPMPD | F45: Predator Helios 16 | G45: =VLOOKUP(F45,Data!$B$122:$C$135,2,FALSE) -> Acer | H45: =VLOOKUP(F45,Data!$B$122:$D$135,3,FALSE) -> 2024 | I45: =YEAR(TODAY()) - H45 -> 2 | J45: NHQNXSP001413009A07600 | K45: Through LFP | L45: Leonico M. Laquian
D46: EPMPD | F46: Travelmate | G46: =VLOOKUP(F46,Data!$B$122:$C$135,2,FALSE) -> Acer | H46: =VLOOKUP(F46,Data!$B$122:$D$135,3,FALSE) -> 2022 | I46: =YEAR(TODAY()) - H46 -> 4 | J46: NXVHLSP00892206F8F2600 | K46: ITMS | L46: Vittorio Leif Ericson J. Santos | M46: For RTS
A47: 22 | B47: Mary Mae C. Hernandez | C47: MMCH | D47: EPMPD | E47: Science Research Specialist II | F47: Predator Helios 300 | G47: =VLOOKUP(F47,Data!$B$122:$C$135,2,FALSE) -> Acer | H47: =VLOOKUP(F47,Data!$B$122:$D$135,3,FALSE) -> 2021 | I47: =YEAR(TODAY()) - H47 -> 5 | J47: NHQAUSPOO1114013DB3400 | K47: Through LFP | L47: Mary Mae C. Hernandez
D48: EPMPD | F48: Predator Helios 16 | G48: =VLOOKUP(F48,Data!$B$122:$C$135,2,FALSE) -> Acer | H48: =VLOOKUP(F48,Data!$B$122:$D$135,3,FALSE) -> 2024 | I48: =YEAR(TODAY()) - H48 -> 2 | J48: NHQNXSP00141300B807600 | K48: Through LFP | L48: Mary Mae C. Hernandez | M48: For Transfer | N48: Transferred to Mary Rose Estacio (FS-AD)
A49: 23 | B49: Mark Jezekiah O. Abalos | C49: MJOA | D49: EPMPD | E49: Science Research Specialist I | F49: Macbook Pro 13 Inch M2 | G49: =VLOOKUP(F49,Data!$B$122:$C$135,2,FALSE) -> Apple | H49: =VLOOKUP(F49,Data!$B$122:$D$135,3,FALSE) -> 2023 | I49: =YEAR(TODAY()) - H49 -> 3 | J49: NJ6QX2L4KY | K49: Through LFP | L49: Mark Jezekiah O. Abalos
D50: EPMPD | F50: Predator Helios 300 | G50: =VLOOKUP(F50,Data!$B$122:$C$135,2,FALSE) -> Acer | H50: 2022 | I50: =YEAR(TODAY()) - H50 -> 4 | J50: NHQAUSPOO11111690C3400 | K50: Through LFP | M50: For RTS
A51: 24 | B51: Marivic P. Pajarillo | C51: MPP | D51: EPMPD | E51: Administrative Aide III | F51: Predator Helios 300 | G51: =VLOOKUP(F51,Data!$B$122:$C$135,2,FALSE) -> Acer | H51: =VLOOKUP(F51,Data!$B$122:$D$135,3,FALSE) -> 2021 | I51: =YEAR(TODAY()) - H51 -> 5 | J51: NHQAUSPOO111116DEF33400 | K51: Through LFP | L51: Marivic P. Pajarillo
D52: EPMPD | F52: TUF | G52: =VLOOKUP(F52,Data!$B$122:$C$135,2,FALSE) -> Asus | H52: =VLOOKUP(F52,Data!$B$122:$D$135,3,FALSE) -> 2020 | I52: =YEAR(TODAY()) - H52 -> 6 | J52: L8NRCX029748339 | K52: Through LFP | L52: Marivic P. Pajarillo | M52: Reserve
A53: 25 | B53: Dorella Maye T. Perlas | C53: DMTP | D53: EPMPD | E53: Senior Science Research Specialist | F53: Predator Helios 300 | G53: Acer | H53: 2021 | I53: =YEAR(TODAY()) - H53 -> 5 | J53: NHQAUSPOO1114020e43400 | L53: Dorella Maye T. Perlas
A54: 26 | B54: Jimwel B. Balunday | C54: JBB | D54: EPSMD | E54: Chief | F54: Predator Helios 16 | G54: =VLOOKUP(F54,Data!$B$122:$C$135,2,FALSE) -> Acer | H54: =VLOOKUP(F54,Data!$B$122:$D$135,3,FALSE) -> 2024 | I54: =YEAR(TODAY()) - H54 -> 2 | J54: NHQNXSP00141300C1D7600 | K54: Through LFP | L54: Melchor Ornopia | N54: For Repair
F55: Predator Helios 16 | G55: =VLOOKUP(F55,Data!$B$122:$C$135,2,FALSE) -> Acer | H55: =VLOOKUP(F55,Data!$B$122:$D$135,3,FALSE) -> 2024 | I55: =YEAR(TODAY()) - H55 -> 2 | J55: NHQNXSP001413009E17600 | K55: Through LFP | L55: Raven Alexis B. Cruz
F56: Predator Helios 16 | G56: =VLOOKUP(F56,Data!$B$122:$C$135,2,FALSE) -> Acer | H56: =VLOOKUP(F56,Data!$B$122:$D$135,3,FALSE) -> 2024 | I56: =YEAR(TODAY()) - H56 -> 2 | J56: NHQNXSP00141300C677600 | K56: Through LFP | L56: Rasmin Abby M. Salazar
A57: 27 | B57: Anabel M. Elmaga | C57: AME | D57: EPSMD | E57: Senior Science Research Specialist | F57: Macbook Pro 13 Inch M2 | G57: =VLOOKUP(F57,Data!$B$122:$C$135,2,FALSE) -> Apple | H57: =VLOOKUP(F57,Data!$B$122:$D$135,3,FALSE) -> 2023 | I57: =YEAR(TODAY()) - H57 -> 3 | J57: GPQN9XV4QC | K57: Through LFP | L57: Anabel M. Elmaga
F58: Predator Helios 300 | G58: =VLOOKUP(F58,Data!$B$122:$C$135,2,FALSE) -> Acer | H58: =VLOOKUP(F58,Data!$B$122:$D$135,3,FALSE) -> 2021 | I58: =YEAR(TODAY()) - H58 -> 5 | J58: NHQAUSP0011111745A3400 | K58: Through LFP | L58: Arnel Angelo P. Revilla | M58: For Transfer
A59: 28 | B59: Victorino Getalado Jr. | C59: VGJ | D59: EPSMD | E59: Senior Science Research Specialist | F59: Macbook Pro 13 Inch M2 | G59: =VLOOKUP(F59,Data!$B$122:$C$135,2,FALSE) -> Apple | H59: =VLOOKUP(F59,Data!$B$122:$D$135,3,FALSE) -> 2023 | I59: =YEAR(TODAY()) - H59 -> 3 | J59: WXVY320NV7 | K59: Through LFP | L59: Victorino Getalado Jr.
D60: EPSMD | F60: Mac Mini Desktop | G60: =VLOOKUP(F60,Data!$B$122:$C$135,2,FALSE) -> Apple | H60: =VLOOKUP(F60,Data!$B$122:$D$135,3,FALSE) -> 2022 | I60: =YEAR(TODAY()) - H60 -> 4 | J60: C07JC0AGQ6NY | K60: Through LFP | L60: Dorella Maye T. Perlas | N60: Transfer to EPMPD
D61: EPSMD | F61: Travelmate | G61: =VLOOKUP(F61,Data!$B$122:$C$135,2,FALSE) -> Acer | H61: =VLOOKUP(F61,Data!$B$122:$D$135,3,FALSE) -> 2022 | I61: =YEAR(TODAY()) - H61 -> 4 | J61: NXVPQSP01F1373CF497600 | K61: ITMS | L61: Leni Kate T. Barral
D62: EPSMD | F62: TUF | G62: =VLOOKUP(F62,Data!$B$122:$C$135,2,FALSE) -> Asus | H62: =VLOOKUP(F62,Data!$B$122:$D$135,3,FALSE) -> 2020 | I62: =YEAR(TODAY()) - H62 -> 6 | K62: Through LFP | L62: Johndel G. Manalo
D63: EPSMD | F63: Predator Helios 300 | G63: =VLOOKUP(F63,Data!$B$122:$C$135,2,FALSE) -> Acer | H63: =VLOOKUP(F63,Data!$B$122:$D$135,3,FALSE) -> 2021 | I63: =YEAR(TODAY()) - H63 -> 5 | K63: Through LFP | L63: Paul Joshua A. Martinez
D64: EPSMD | F64: Travelmate | G64: =VLOOKUP(F64,Data!$B$122:$C$135,2,FALSE) -> Acer | H64: =VLOOKUP(F64,Data!$B$122:$D$135,3,FALSE) -> 2022 | I64: =YEAR(TODAY()) - H64 -> 4 | J64: NXVPQSP01F1373CF1D7600 | K64: ITMS | M64: For RTS
A65: 29 | B65: Marc M. Martinez | C65: MMM | D65: EPSMD | E65: Senior Science Research Specialist | F65: Predator Helios 300 | G65: =VLOOKUP(F65,Data!$B$122:$C$135,2,FALSE) -> Acer | H65: =VLOOKUP(F65,Data!$B$122:$D$135,3,FALSE) -> 2021 | I65: =YEAR(TODAY()) - H65 -> 5 | J65: NHQAUSP0011111768B3400 | K65: Through LFP | L65: Marc M. Martinez
A66: 30 | B66: John Levi M. Mecca | C66: JLMM | D66: EPSMD | E66: Senior Science Research Specialist | F66: Macbook Pro 13 Inch M2 | G66: =VLOOKUP(F66,Data!$B$122:$C$135,2,FALSE) -> Apple | H66: =VLOOKUP(F66,Data!$B$122:$D$135,3,FALSE) -> 2023 | I66: =YEAR(TODAY()) - H66 -> 3 | J66: XK3YXN04MW | K66: Through LFP | L66: John Levi M. Mecca
A67: 31 | B67: Mara Camille C. Galos | C67: MCCG | D67: EPSMD | E67: Senior Science Research Specialist | F67: Macbook Pro 13 Inch M2 | G67: Apple | H67: 2023 | I67: 3 | J67: KGR7FTXFDY | K67: Through LFP | L67: Mara Camille C. Galos
D68: EPSMD | F68: Macbook Air 13 inch M2 | G68: Apple | H68: 2023 | I68: 3 | J68: SHXJLD3QB1WFV | K68: Through LFP | L68: Richard S. Asaytuno | M68: For Transfer | N68: Transfer to EPMPD
D69: EPSMD | F69: Predator Helios 300 | G69: Acer | H69: 2021 | I69: 5 | J69: NHQAUSPOO111116B3E3400 | K69: Through LFP | L69: Jewel R. Balon | N69: Gamit NED
A70: 32 | B70: Dante L. Castillo | C70: DLC | D70: EPSMD | E70: Senior Science Research Specialist | G70: =VLOOKUP(F70,Data!$B$122:$C$135,2,FALSE) -> #N/A | H70: =VLOOKUP(F70,Data!$B$122:$D$135,3,FALSE) -> #N/A | I70: =YEAR(TODAY()) - H70 -> #N/A | N70: No issued Laptop
A71: 33 | B71: Arnel Angelo P. Revilla | C71: AAPR | D71: EPSMD | E71: Science Research Specialist II | F71: Mac Mini Desktop | G71: =VLOOKUP(F71,Data!$B$122:$C$135,2,FALSE) -> Apple | H71: =VLOOKUP(F71,Data!$B$122:$D$135,3,FALSE) -> 2022 | I71: =YEAR(TODAY()) - H71 -> 4 | J71: C07JL110Q6NY | K71: Through LFP | L71: Karl Joshua A. Abordo
A72: 34 | B72: Angela Maureen Panapanaan | C72: AMP | D72: EPSMD | E72: Science Research Specialist II | F72: Macbook Air 13 inch M1 | G72: =VLOOKUP(F72,Data!$B$122:$C$135,2,FALSE) -> Apple | H72: =VLOOKUP(F72,Data!$B$122:$D$135,3,FALSE) -> 2022 | I72: =YEAR(TODAY()) - H72 -> 4 | J72: HXJLD9R51WFV | K72: Through LFP | L72: Angela Maureen Panapanaan
D73: EPSMD | F73: Mac Mini Desktop | G73: =VLOOKUP(F73,Data!$B$122:$C$135,2,FALSE) -> Apple | H73: =VLOOKUP(F73,Data!$B$122:$D$135,3,FALSE) -> 2022 | I73: =YEAR(TODAY()) - H73 -> 4 | J73: C07JC0ACQ6NY | K73: Through LFP | L73: Angela Maureen Panapanaan
A74: 35 | B74: Aira D. Baluyut | C74: ADB | D74: EPSMD | E74: Science Research Specialist II | F74: Macbook Pro 14 Inch M2 | G74: =VLOOKUP(F74,Data!$B$122:$C$135,2,FALSE) -> Apple | H74: =VLOOKUP(F74,Data!$B$122:$D$135,3,FALSE) -> 2023 | I74: =YEAR(TODAY()) - H74 -> 3 | J74: CA-NO-23-4970 / XPQMJQRHH3 | K74: Through LFP | L74: Aira D. Baluyut
D75: EPSMD | F75: Macbook Pro 13 Inch M2 | G75: =VLOOKUP(F75,Data!$B$122:$C$135,2,FALSE) -> Apple | H75: =VLOOKUP(F75,Data!$B$122:$D$135,3,FALSE) -> 2023 | I75: =YEAR(TODAY()) - H75 -> 3 | J75: G763J4WV32 | K75: Through LFP | L75: Carl G. Monsalud | N75: Carl G. Monsalud
A76: 36 | B76: Rusty Mar G. Saclusa | C76: RMGS | D76: EPSMD | E76: Science Research Specialist II | F76: Predator Helios 16 | G76: =VLOOKUP(F76,Data!$B$122:$C$135,2,FALSE) -> Acer | H76: =VLOOKUP(F76,Data!$B$122:$D$135,3,FALSE) -> 2024 | I76: =YEAR(TODAY()) - H76 -> 2 | J76: NHQNXSP00141300A417600 | K76: Through LFP | L76: Rusty Mar G. Saclusa
A77: 37 | B77: Raven Alexis B. Cruz | C77: RABC | D77: EPSMD | E77: Science Research Specialist II | L77: w/ laptop c/o JBB
A78: 38 | B78: Alejandre C. Montemayo | C78: ACM | D78: EPSMD | E78: Science Research Specialist II | F78: Predator Helios 16 | G78: =VLOOKUP(F78,Data!$B$122:$C$135,2,FALSE) -> Acer | H78: =VLOOKUP(F78,Data!$B$122:$D$135,3,FALSE) -> 2024 | I78: =YEAR(TODAY()) - H78 -> 2 | J78: NHQNXSP00141300BC07600 | K78: Through LFP | L78: Alejandre C. Montemayo
A79: 39 | B79: John Vincent P. Santos | C79: JVPS | D79: EPSMD | E79: Science Research Specialist I | F79: Predator Helios 16 | G79: =VLOOKUP(F79,Data!$B$122:$C$135,2,FALSE) -> Acer | H79: =VLOOKUP(F79,Data!$B$122:$D$135,3,FALSE) -> 2024 | I79: =YEAR(TODAY()) - H79 -> 2 | K79: Through LFP | L79: John Vincent P. Santos
A80: 40 | B80: Mark Demy C. Rosal | C80: MDCR | D80: EPSMD | E80: Administrative Aide VI | F80: Travelmate | G80: =VLOOKUP(F80,Data!$B$122:$C$135,2,FALSE) -> Acer | H80: =VLOOKUP(F80,Data!$B$122:$D$135,3,FALSE) -> 2022 | I80: =YEAR(TODAY()) - H80 -> 4 | J80: NXVPXSP00W109025187600 | K80: ITMS | L80: Mark Demy C. Rosal
A81: 41 | B81: Shiela D. Dela Cruz | C81: SDD | D81: NED | E81: OIC-Chief | F81: Predator Helios 16 | G81: =VLOOKUP(F81,Data!$B$122:$C$135,2,FALSE) -> Acer | H81: =VLOOKUP(F81,Data!$B$122:$D$135,3,FALSE) -> 2024 | I81: =YEAR(TODAY()) - H81 -> 2 | J81: NHQNXSP00141300C3C7600 | K81: Through LFP | L81: Joana Marie F. Chavez
D82: NED | F82: Predator Helios 16 | G82: =VLOOKUP(F82,Data!$B$122:$C$135,2,FALSE) -> Acer | H82: =VLOOKUP(F82,Data!$B$122:$D$135,3,FALSE) -> 2024 | I82: =YEAR(TODAY()) - H82 -> 2 | J82: NHQNXSP00141300A627600 | K82: Through LFP | L82: Jewel R. Balon
D83: NED | F83: Predator Helios 16 | G83: =VLOOKUP(F83,Data!$B$122:$C$135,2,FALSE) -> Acer | H83: =VLOOKUP(F83,Data!$B$122:$D$135,3,FALSE) -> 2024 | I83: =YEAR(TODAY()) - H83 -> 2 | J83: NHQNXSP00141300B207600 | K83: Through LFP | L83: Maria Jade N. Delos Reyes
A84: 42 | B84: Julius N. Alano | C84: JNA | D84: NED | E84: Supervising Science Research Specialist | F84: Predator Helios 16 | G84: =VLOOKUP(F84,Data!$B$122:$C$135,2,FALSE) -> Acer | H84: =VLOOKUP(F84,Data!$B$122:$D$135,3,FALSE) -> 2024 | I84: =YEAR(TODAY()) - H84 -> 2 | J84: NHQNXSP00141300BAB7600 | K84: Through LFP | L84: Julius N. Alano
A85: 43 | B85: Sydney D. Requilla | C85: SDR | D85: NED | E85: Supervising Science Research Specialist | F85: Predator Helios 16 | G85: =VLOOKUP(F85,Data!$B$122:$C$135,2,FALSE) -> Acer | H85: =VLOOKUP(F85,Data!$B$122:$D$135,3,FALSE) -> 2024 | I85: =YEAR(TODAY()) - H85 -> 2 | J85: NHQNXSP0014130097B7600 | K85: Through LFP | L85: Sydney D. Requilla
A86: 44 | B86: Louise Andrea B. Melquiades | C86: LABM | D86: NED | E86: Science Research Specialist II | F86: Predator Helios 300 | G86: =VLOOKUP(F86,Data!$B$122:$C$135,2,FALSE) -> Acer | H86: =VLOOKUP(F86,Data!$B$122:$D$135,3,FALSE) -> 2021 | I86: =YEAR(TODAY()) - H86 -> 5 | J86: NHQAUSP001111166E93400 | K86: Through LFP | L86: Louise Andrea B. Melquiades
A87: 45 | B87: Angela Mae L. Concepcion | C87: AMLC | D87: NED | E87: Science Research Specialist II | G87: =VLOOKUP(F87,Data!$B$122:$C$135,2,FALSE) -> #N/A | H87: =VLOOKUP(F87,Data!$B$122:$D$135,3,FALSE) -> #N/A | I87: =YEAR(TODAY()) - H87 -> #N/A | K87: Through LFP
A88: 46 | B88: Angelu B. Bermas | C88: ABB | D88: NED | E88: Science Research Specialist II | F88: Predator Helios 16 | G88: =VLOOKUP(F88,Data!$B$122:$C$135,2,FALSE) -> Acer | H88: =VLOOKUP(F88,Data!$B$122:$D$135,3,FALSE) -> 2024 | I88: =YEAR(TODAY()) - H88 -> 2 | J88: NHQNXSP00141300C7B7600 | K88: Through LFP | L88: Angelu B. Bermas
A89: 47 | B89: Cephas Olivier V. Cabatit | C89: COVC | D89: NED | E89: Science Research Specialist II | F89: Predator Helios 16 | G89: =VLOOKUP(F89,Data!$B$122:$C$135,2,FALSE) -> Acer | H89: =VLOOKUP(F89,Data!$B$122:$D$135,3,FALSE) -> 2024 | I89: =YEAR(TODAY()) - H89 -> 2 | J89: NHQNXSP001413009887600 | K89: Through LFP | L89: Cephas Olivier V. Cabatit
A90: 48 | B90: Nikko A. Cabubas | C90: NAC | D90: NED | E90: Science Research Specialist I | F90: Macbook Pro 14 Inch M2 | G90: =VLOOKUP(F90,Data!$B$122:$C$135,2,FALSE) -> Apple | H90: =VLOOKUP(F90,Data!$B$122:$D$135,3,FALSE) -> 2023 | I90: =YEAR(TODAY()) - H90 -> 3 | J90: SD9V4W34JE7 | K90: Through LFP | L90: Nikko A. Cabubas
A91: 49 | B91: Jewel R. Balon | C91: JRB | D91: NED | E91: Science Research Specialist I | G91: =VLOOKUP(F91,Data!$B$122:$C$135,2,FALSE) -> #N/A | H91: =VLOOKUP(F91,Data!$B$122:$D$135,3,FALSE) -> #N/A | I91: =YEAR(TODAY()) - H91 -> #N/A | K91: Through LFP
A92: 50 | B92: Andresito F. Ulgado | C92: AFU | D92: EVIMD | E92: Chief | F92: Predator Helios 16 | G92: =VLOOKUP(F92,Data!$B$122:$C$135,2,FALSE) -> Acer | H92: =VLOOKUP(F92,Data!$B$122:$D$135,3,FALSE) -> 2024 | I92: =YEAR(TODAY()) - H92 -> 2 | J92: NHQNXSP00141300CAE7600 | K92: Through LFP | L92: Andresito F. Ulgado
F93: Predator Helios 300 | G93: Acer | H93: 2021 | I93: 2 | J93: NHQAUSPOO111116A523400 | K93: Through LFP | L93: Andresito F. Ulgado
A94: 51 | B94: Dwane Darcy D. Cayonte | C94: DDDC | D94: EVIMD | E94: Supervising Science Research Specialist | F94: Predator Helios 16 | G94: =VLOOKUP(F94,Data!$B$122:$C$135,2,FALSE) -> Acer | H94: =VLOOKUP(F94,Data!$B$122:$D$135,3,FALSE) -> 2024 | I94: =YEAR(TODAY()) - H94 -> 2 | J94: NHQNXSP00141300C5D7600 | K94: Through LFP | L94: Dwane Darcy D. Cayonte
A95: 52 | B95: Peter A. Sablay | C95: PAS | D95: EVIMD | E95: Senior Science Research Specialist | F95: Predator Helios 16 | G95: =VLOOKUP(F95,Data!$B$122:$C$135,2,FALSE) -> Acer | H95: =VLOOKUP(F95,Data!$B$122:$D$135,3,FALSE) -> 2024 | I95: =YEAR(TODAY()) - H95 -> 2 | J95: NHQNXSP001413009827600 | K95: Through LFP | L95: Peter A. Sablay
D96: EVIMD | F96: Predator Helios 300 | G96: =VLOOKUP(F96,Data!$B$122:$C$135,2,FALSE) -> Acer | H96: =VLOOKUP(F96,Data!$B$122:$D$135,3,FALSE) -> 2021 | I96: =YEAR(TODAY()) - H96 -> 5 | K96: Through LFP | L96: Peter A. Sablay
A97: 53 | B97: Oliver L. Desamito | C97: OLD | D97: EVIMD | E97: Senior Science Research Specialist | F97: Predator Helios 16 | G97: =VLOOKUP(F97,Data!$B$122:$C$135,2,FALSE) -> Acer | H97: =VLOOKUP(F97,Data!$B$122:$D$135,3,FALSE) -> 2024 | I97: =YEAR(TODAY()) - H97 -> 2 | J97: NHQNXSP00141300C0D7600 | K97: Through LFP | L97: Jovelyn Pamittan
D98: EVIMD | F98: Macbook Air 13 inch M1 | G98: =VLOOKUP(F98,Data!$B$122:$C$135,2,FALSE) -> Apple | H98: =VLOOKUP(F98,Data!$B$122:$D$135,3,FALSE) -> 2022 | I98: =YEAR(TODAY()) - H98 -> 4 | J98: FVFHP12CQ6M1 | K98: Through LFP | L98: Oliver L. Desamito
A99: 54 | B99: Jairus Drei E. Geronimo | C99: JDEG | D99: EVIMD | E99: Science Research Specialist II | F99: Predator Helios 16 | G99: =VLOOKUP(F99,Data!$B$122:$C$135,2,FALSE) -> Acer | H99: =VLOOKUP(F99,Data!$B$122:$D$135,3,FALSE) -> 2024 | I99: =YEAR(TODAY()) - H99 -> 2 | J99: NHQNXSP00141300C6A7600 | K99: Through LFP | L99: Jairus Drei E. Geronimo
D100: EVIMD | F100: Predator Helios 300 | G100: =VLOOKUP(F100,Data!$B$122:$C$135,2,FALSE) -> Acer | H100: =VLOOKUP(F100,Data!$B$122:$D$135,3,FALSE) -> 2021 | I100: =YEAR(TODAY()) - H100 -> 5 | J100: NHQAUSP001111171EE3400 | K100: Through LFP | L100: Elijah Gabriel Padre Juan
...

Sheet Laptop
A1: No. | B1: Full Name | C1: Initials | D1: Division | E1: Position | F1: Model | G1: Brand | H1: Year Acquired/Transferred | I1: Years in service | J1: Serial Number | K1: Method of Procurement | L1: Current Custodian | M1: Remarks
A2: 1 | B2: Editha T. Ramos | C2: ETR | D2: EPRED | E2: Chief | F2: Predator Helios 300 | G2: =VLOOKUP(F2,Data!$B$122:$C$135,2,FALSE) -> Acer | H2: =VLOOKUP(F2,Data!$B$122:$D$135,3,FALSE) -> 2021 | I2: =YEAR(TODAY()) - H2 -> 5 | J2: NHQAUSP00111116A333400 | K2: Through LFP | L2: Editha T. Ramos
D3: EPRED | F3: Macbook Pro 13 Inch M2 | G3: =VLOOKUP(F3,Data!$B$122:$C$135,2,FALSE) -> Apple | H3: =VLOOKUP(F3,Data!$B$122:$D$135,3,FALSE) -> 2023 | I3: =YEAR(TODAY()) - H3 -> 3 | K3: Through LFP | L3: Editha T. Ramos
A4: 2 | B4: Roselle L. Ibuna | C4: RLI | D4: EPRED | E4: OIC-Supervising Science Research Specialist | F4: Mac Mini Desktop | G4: =VLOOKUP(F4,Data!$B$122:$C$135,2,FALSE) -> Apple | H4: =VLOOKUP(F4,Data!$B$122:$D$135,3,FALSE) -> 2022 | I4: =YEAR(TODAY()) - H4 -> 4 | J4: C07JC0AJQ6NY | K4: Through LFP | L4: Roselle L. Ibuna
D5: EPRED | F5: Macbook Pro 13 Inch M2 | G5: =VLOOKUP(F5,Data!$B$122:$C$135,2,FALSE) -> Apple | H5: =VLOOKUP(F5,Data!$B$122:$D$135,3,FALSE) -> 2023 | I5: =YEAR(TODAY()) - H5 -> 3 | J5: CJ7KXX9JKD | K5: Through LFP | L5: Roselle L. Ibuna
D6: EPRED | F6: TUF | G6: =VLOOKUP(F6,Data!$B$122:$C$135,2,FALSE) -> Asus | H6: =VLOOKUP(F6,Data!$B$122:$D$135,3,FALSE) -> 2020 | I6: =YEAR(TODAY()) - H6 -> 6 | J6: L8NRCX029705339 | K6: Through LFP | L6: Roselle L. Ibuna | M6: Reserve | N6: Transfer to EVIMD (c/o Jenny Ramos)
D7: EPRED | F7: Predator Helios 300 | G7: =VLOOKUP(F7,Data!$B$122:$C$135,2,FALSE) -> Acer | H7: =VLOOKUP(F7,Data!$B$122:$D$135,3,FALSE) -> 2021 | I7: =YEAR(TODAY()) - H7 -> 5 | J7: L8NRCX029705339 | K7: Through LFP | N7: Suzanne M. Pantaleon
A8: 3 | B8: Joan C. Escalona | C8: JCE | D8: EPRED | E8: Supervising Science Research Specialist | F8: Predator Helios 16 | G8: =VLOOKUP(F8,Data!$B$122:$C$135,2,FALSE) -> Acer | H8: =VLOOKUP(F8,Data!$B$122:$D$135,3,FALSE) -> 2024 | I8: =YEAR(TODAY()) - H8 -> 2 | J8: NHQNXSP00141300BAC7600 | K8: Through LFP | L8: Mary Ann M. Fernando
D9: EPRED | F9: Macbook Pro 13 Inch M2 | G9: =VLOOKUP(F9,Data!$B$122:$C$135,2,FALSE) -> Apple | H9: =VLOOKUP(F9,Data!$B$122:$D$135,3,FALSE) -> 2023 | I9: =YEAR(TODAY()) - H9 -> 3 | J9: MJL6KWYPVW | K9: Through LFP | L9: Joan C. Escalona
A10: 4 | B10: Steven Ivan G. Caiña | C10: SIGC | D10: EPRED | E10: OIC-Senior Science Research Specialist | F10: Macbook Pro 14 Inch M2 | G10: =VLOOKUP(F10,Data!$B$122:$C$135,2,FALSE) -> Apple | H10: =VLOOKUP(F10,Data!$B$122:$D$135,3,FALSE) -> 2023 | I10: =YEAR(TODAY()) - H10 -> 3 | J10: D6KCXF4R9D | K10: Through LFP | L10: Steven Ivan G. Caiña
D11: EPRED | F11: Predator Helios 300 | G11: =VLOOKUP(F11,Data!$B$122:$C$135,2,FALSE) -> Acer | H11: =VLOOKUP(F11,Data!$B$122:$D$135,3,FALSE) -> 2021 | I11: =YEAR(TODAY()) - H11 -> 5 | J11: NHQAUSPOO1111177763400 | K11: Through LFP | L11: Sheila C. Gadil
D12: EPRED | F12: Predator Helios 300 | G12: =VLOOKUP(F12,Data!$B$122:$C$135,2,FALSE) -> Acer | H12: =VLOOKUP(F12,Data!$B$122:$D$135,3,FALSE) -> 2021 | I12: =YEAR(TODAY()) - H12 -> 5 | J12: NHQAUSP0011111767D3400 | K12: Through LFP | L12: Steven Ivan G. Caiña | M12: For RTS
D13: EPRED | F13: Predator Helios 300 | G13: =VLOOKUP(F13,Data!$B$122:$C$135,2,FALSE) -> Acer | H13: =VLOOKUP(F13,Data!$B$122:$D$135,3,FALSE) -> 2021 | I13: =YEAR(TODAY()) - H13 -> 5 | J13: NHQAUSPOO11111720E3400 | K13: Through LFP | N13: Argy E. Gatdula
D14: EPRED | F14: Predator Helios 300 | G14: =VLOOKUP(F14,Data!$B$122:$C$135,2,FALSE) -> Acer | H14: =VLOOKUP(F14,Data!$B$122:$D$135,3,FALSE) -> 2021 | I14: =YEAR(TODAY()) - H14 -> 5 | J14: NHQC1SP002147275433400 | K14: Through LFP | L14: Benlie Mae B. Antonio
D15: EPRED | F15: Mac Mini Desktop | G15: =VLOOKUP(F15,Data!$B$122:$C$135,2,FALSE) -> Apple | H15: =VLOOKUP(F15,Data!$B$122:$D$135,3,FALSE) -> 2022 | I15: =YEAR(TODAY()) - H15 -> 4 | J15: 206NTJJ9X908 | K15: Through LFP | L15: Chester Syrill J. De Castro | M15: For Transfer
D16: EPRED | F16: TUF | G16: =VLOOKUP(F16,Data!$B$122:$C$135,2,FALSE) -> Asus | H16: =VLOOKUP(F16,Data!$B$122:$D$135,3,FALSE) -> 2020 | I16: =YEAR(TODAY()) - H16 -> 6 | J16: L8NRCX029725337 | K16: Through LFP | L16: Ara Jane C. Canaria
A17: 5 | B17: Aaron R. Premacio | C17: ARP | D17: EPRED | E17: Senior Science Research Specialist | F17: Predator Helios 16 | G17: =VLOOKUP(F17,Data!$B$122:$C$135,2,FALSE) -> Acer | H17: =VLOOKUP(F17,Data!$B$122:$D$135,3,FALSE) -> 2024 | I17: =YEAR(TODAY()) - H17 -> 2 | J17: NHQNXSP00141300C387600 | K17: Through LFP | L17: Aaron R. Premacio
D18: EPRED | F18: Predator Helios 300 | G18: =VLOOKUP(F18,Data!$B$122:$C$135,2,FALSE) -> Acer | H18: =VLOOKUP(F18,Data!$B$122:$D$135,3,FALSE) -> 2021 | I18: =YEAR(TODAY()) - H18 -> 5 | K18: Through LFP | N18: Michael Angelo O. Guarin
D19: EPRED | F19: TUF | G19: =VLOOKUP(F19,Data!$B$122:$C$135,2,FALSE) -> Asus | H19: =VLOOKUP(F19,Data!$B$122:$D$135,3,FALSE) -> 2020 | I19: =YEAR(TODAY()) - H19 -> 6 | J19: L8NRCX02972133B | K19: Through LFP | N19: Kristine Joy. B. Villaluz
A20: 6 | B20: Celedonio Tiu Salle | C20: CTS | D20: EPRED | E20: Senior Science Research Specialist | F20: Predator Helios 16 | G20: =VLOOKUP(F20,Data!$B$122:$C$135,2,FALSE) -> Acer | H20: =VLOOKUP(F20,Data!$B$122:$D$135,3,FALSE) -> 2024 | I20: =YEAR(TODAY()) - H20 -> 2 | J20: NHQNXSP00141300C097600 | K20: Through LFP | L20: Celedonio Tiu Salle
A21: 7 | B21: Erwin-Lou D. Peregrino | C21: EDP | D21: EPRED | E21: Science Research Specialist II | F21: Predator Helios 16 | G21: =VLOOKUP(F21,Data!$B$122:$C$135,2,FALSE) -> Acer | H21: =VLOOKUP(F21,Data!$B$122:$D$135,3,FALSE) -> 2024 | I21: =YEAR(TODAY()) - H21 -> 2 | J21: NHQNXSP00141300A5D7600 | K21: Through LFP | L21: Erwin-Lou D. Peregrino
D22: EPRED | F22: Predator Helios 16 | G22: =VLOOKUP(F22,Data!$B$122:$C$135,2,FALSE) -> Acer | H22: =VLOOKUP(F22,Data!$B$122:$D$135,3,FALSE) -> 2024 | I22: =YEAR(TODAY()) - H22 -> 2 | J22: NHQNXSP0014130097B7600 | K22: Through LFP | L22: James C. Francisco
A23: 8 | B23: Catherine C. Cadiz | C23: CCC | D23: EPRED | E23: Science Research Specialist II | F23: Predator Helios 16 | G23: =VLOOKUP(F23,Data!$B$122:$C$135,2,FALSE) -> Acer | H23: =VLOOKUP(F23,Data!$B$122:$D$135,3,FALSE) -> 2024 | I23: =YEAR(TODAY()) - H23 -> 2 | J23: NHQNXSP00141300BDE7600 | K23: Through LFP | L23: Catherine C. Cadiz
D24: EPRED | F24: Macbook Pro 13 Inch M2 | G24: =VLOOKUP(F24,Data!$B$122:$C$135,2,FALSE) -> Apple | H24: =VLOOKUP(F24,Data!$B$122:$D$135,3,FALSE) -> 2023 | I24: =YEAR(TODAY()) - H24 -> 3 | K24: Through LFP | L24: Catherine C. Cadiz
A25: 9 | B25: Chesca Mie A. Gaduyon | C25: CMAG | D25: EPRED | E25: Science Research Specialist II | F25: Macbook Pro 13 Inch M2 | G25: =VLOOKUP(F25,Data!$B$122:$C$135,2,FALSE) -> Apple | H25: =VLOOKUP(F25,Data!$B$122:$D$135,3,FALSE) -> 2023 | I25: =YEAR(TODAY()) - H25 -> 3 | J25: CWDKH2WLT6 | K25: Through LFP | L25: Chesca Mie A. Gaduyon
A26: 10 | B26: Marienelle S. Santos | C26: MSS | D26: EPRED | E26: Science Research Specialist II | F26: Macbook Pro 13 Inch M2 | G26: =VLOOKUP(F26,Data!$B$122:$C$135,2,FALSE) -> Apple | H26: =VLOOKUP(F26,Data!$B$122:$D$135,3,FALSE) -> 2023 | I26: =YEAR(TODAY()) - H26 -> 3 | J26: SHXJLD2TQ1WFV | K26: Through LFP | L26: Marienelle S. Santos
D27: EPRED | F27: Macbook Air 13 inch M1 | G27: =VLOOKUP(F27,Data!$B$122:$C$135,2,FALSE) -> Apple | H27: =VLOOKUP(F27,Data!$B$122:$D$135,3,FALSE) -> 2022 | I27: =YEAR(TODAY()) - H27 -> 4 | K27: Through LFP | N27: Hannah Isabel L. Cumpas
A28: 11 | B28: Daniel Vincent P. De Guzman | C28: DVDG | D28: EPRED | E28: Science Research Specialist II | F28: Predator Helios 16 | G28: =VLOOKUP(F28,Data!$B$122:$C$135,2,FALSE) -> Acer | H28: =VLOOKUP(F28,Data!$B$122:$D$135,3,FALSE) -> 2024 | I28: =YEAR(TODAY()) - H28 -> 2 | J28: NHQNXSP00141300C8C7600 | K28: Through LFP | L28: Daniel Vincent P. De Guzman
A29: 12 | B29: Von Jari A. Anievas | C29: VJA | D29: EPRED | E29: Science Research Specialist I | F29: Predator Helios 16 | G29: =VLOOKUP(F29,Data!$B$122:$C$135,2,FALSE) -> Acer | H29: =VLOOKUP(F29,Data!$B$122:$D$135,3,FALSE) -> 2024 | I29: =YEAR(TODAY()) - H29 -> 2 | L29: Von Jari A. Anievas
A30: 12 | B30: Chester Syrill J. De Castro | C30: CSJDC | D30: EPRED | E30: Science Research Specialist I | F30: Predator Helios 300 | G30: =VLOOKUP(F30,Data!$B$122:$C$135,2,FALSE) -> Acer | H30: =VLOOKUP(F30,Data!$B$122:$D$135,3,FALSE) -> 2021 | I30: =YEAR(TODAY()) - H30 -> 5 | J30: NHQAUSP001111167B03400 | K30: Through LFP | L30: Chester Syrill J. De Castro
A31: 13 | B31: Marvin B. Bahia | C31: MBB | D31: EPRED | E31: Science Research Specialist I | F31: Predator Helios 300 | G31: =VLOOKUP(F31,Data!$B$122:$C$135,2,FALSE) -> Acer | H31: =VLOOKUP(F31,Data!$B$122:$D$135,3,FALSE) -> 2021 | I31: =YEAR(TODAY()) - H31 -> 5 | J31: NHQAUSP001111172DB3400 | K31: Through LFP | L31: Marvin B. Bahia
A32: 14 | B32: Christine Joy M. Lamzon | C32: CJML | D32: EPRED | E32: Administrative Aide VI | F32: Predator Helios 16 | G32: =VLOOKUP(F32,Data!$B$122:$C$135,2,FALSE) -> Acer | H32: =VLOOKUP(F32,Data!$B$122:$D$135,3,FALSE) -> 2024 | I32: =YEAR(TODAY()) - H32 -> 2 | J32: NHQNXSP001413009A37600 | K32: Through LFP | L32: Christine Joy M. Lamzon
A33: 17 | B33: Daniel Collin G. Jornales | C33: DCGJ | D33: EPMPD | E33: Chief Science Research Specialist | F33: Macbook Pro 14 Inch M2 | G33: =VLOOKUP(F33,Data!$B$122:$C$135,2,FALSE) -> Apple | H33: =VLOOKUP(F33,Data!$B$122:$D$135,3,FALSE) -> 2023 | I33: 1 | J33: CGQJ1YYVKC | K33: Through LFP | L33: Hans Christer A. Arcilla
D34: EPMPD | F34: Predator Helios 16 | G34: =VLOOKUP(F34,Data!$B$122:$C$135,2,FALSE) -> Acer | H34: =VLOOKUP(F34,Data!$B$122:$D$135,3,FALSE) -> 2024 | I34: =YEAR(TODAY()) - H34 -> 2 | J34: NHQNXSP00141300AD77600 | K34: Through LFP | N34: Mark Adrian A. Aclon
A35: 18 | B35: Christian Harris T. Hernaez | C35: CHTH | D35: EPMPD | E35: OIC Supervising Science Research Specialist | F35: Macbook Pro 13 Inch M2 | G35: =VLOOKUP(F35,Data!$B$122:$C$135,2,FALSE) -> Apple | H35: =VLOOKUP(F35,Data!$B$122:$D$135,3,FALSE) -> 2023 | I35: =YEAR(TODAY()) - H35 -> 3 | J35: XHW7KY7CQV | K35: Through LFP | L35: Christian Harris T. Hernaez
D36: EPMPD | F36: Macbook Air 13 inch 2017 | G36: =VLOOKUP(F36,Data!$B$122:$C$135,2,FALSE) -> Apple | H36: =VLOOKUP(F36,Data!$B$122:$D$135,3,FALSE) -> 2017 | I36: =YEAR(TODAY()) - H36 -> 9 | J36: FVFY486Z1WK | K36: Through LFP | L36: Christian Harris T. Hernaez | M36: For Transfer
D37: EPMPD | F37: Predator Helios 16 | G37: =VLOOKUP(F37,Data!$B$122:$C$135,2,FALSE) -> Acer | H37: =VLOOKUP(F37,Data!$B$122:$D$135,3,FALSE) -> 2024 | I37: =YEAR(TODAY()) - H37 -> 2 | J37: NHQNXSP00141300B817600 | K37: Through LFP | M37: For Transfer | N37: Transferred to Helen C. Roldan (FS-AD)
D38: EPMPD | F38: FX506ll | G38: =VLOOKUP(F38,Data!$B$122:$C$135,2,FALSE) -> Asus | H38: =VLOOKUP(F38,Data!$B$122:$D$135,3,FALSE) -> 2021 | I38: =YEAR(TODAY()) - H38 -> 5 | J38: L8NRCX029715333 | K38: Through LFP | L38: Christian Harris T. Hernaez | M38: For RTS | N38: Deffective
D39: EPMPD | F39: ASPIRE 3 i5 | G39: =VLOOKUP(F39,Data!$B$122:$C$135,2,FALSE) -> Acer | H39: =VLOOKUP(F39,Data!$B$122:$D$135,3,FALSE) -> 2021 | I39: =YEAR(TODAY()) - H39 -> 5 | J39: NXHNSSP0029500422E7600 | K39: Through LFP | L39: Christian Harris T. Hernaez | M39: For RTS | N39: Deffective
A40: 19 | B40: Dave Angelo T. Cabalteja | C40: DATC | D40: EPMPD | E40: Science Research Specialist II | F40: Predator Helios 300 | G40: =VLOOKUP(F40,Data!$B$122:$C$135,2,FALSE) -> Acer | H40: =VLOOKUP(F40,Data!$B$122:$D$135,3,FALSE) -> 2021 | I40: =YEAR(TODAY()) - H40 -> 5 | J40: NHQAUSPOO111117A733400 | K40: Through LFP | M40: For Transfer
D41: EPMPD | F41: Predator Helios 16 | G41: =VLOOKUP(F41,Data!$B$122:$C$135,2,FALSE) -> Acer | H41: =VLOOKUP(F41,Data!$B$122:$D$135,3,FALSE) -> 2024 | I41: =YEAR(TODAY()) - H41 -> 2 | J41: NHQNXSP001413009F07600 | K41: Through LFP | N41: Ronald Gregorio P. Gudoy
D42: EPMPD | F42: Travelmate | G42: =VLOOKUP(F42,Data!$B$122:$C$135,2,FALSE) -> Acer | H42: =VLOOKUP(F42,Data!$B$122:$D$135,3,FALSE) -> 2022 | I42: =YEAR(TODAY()) - H42 -> 4 | J42: NXVPQSP01F1373D0177600 | K42: ITMS | L42: Dave Angelo M. Cabalteja | M42: Reserve
A43: 20 | B43: Vittorio Leif Ericson J. Santos | C43: VLEJS | D43: EPMPD | E43: Senior Science Research Specialist | F43: Macbook Pro 13 Inch M2 | G43: =VLOOKUP(F43,Data!$B$122:$C$135,2,FALSE) -> Apple | H43: =VLOOKUP(F43,Data!$B$122:$D$135,3,FALSE) -> 2023 | I43: =YEAR(TODAY()) - H43 -> 3 | J43: LCJ397KV36 | K43: Through LFP | L43: Vittorio Leif Ericson J. Santos
D44: EPMPD | F44: Predator Helios 16 | G44: =VLOOKUP(F44,Data!$B$122:$C$135,2,FALSE) -> Acer | H44: =VLOOKUP(F44,Data!$B$122:$D$135,3,FALSE) -> 2024 | I44: =YEAR(TODAY()) - H44 -> 2 | J44: NHQNXSP001413009A07600 | K44: Through LFP | N44: Leonico M. Laquian
D45: EPMPD | F45: Travelmate | G45: =VLOOKUP(F45,Data!$B$122:$C$135,2,FALSE) -> Acer | H45: =VLOOKUP(F45,Data!$B$122:$D$135,3,FALSE) -> 2022 | I45: =YEAR(TODAY()) - H45 -> 4 | J45: NXVHLSP00892206F8F2600 | K45: ITMS | L45: Vittorio Leif Ericson J. Santos | M45: For RTS
A46: 21 | B46: Mary Mae C. Hernandez | C46: MMCH | D46: EPMPD | E46: Science Research Specialist II | F46: Predator Helios 300 | G46: =VLOOKUP(F46,Data!$B$122:$C$135,2,FALSE) -> Acer | H46: =VLOOKUP(F46,Data!$B$122:$D$135,3,FALSE) -> 2021 | I46: =YEAR(TODAY()) - H46 -> 5 | J46: NHQAUSPOO1114013DB3400 | K46: Through LFP | L46: Mary Mae C. Hernandez
D47: EPMPD | F47: Predator Helios 16 | G47: =VLOOKUP(F47,Data!$B$122:$C$135,2,FALSE) -> Acer | H47: =VLOOKUP(F47,Data!$B$122:$D$135,3,FALSE) -> 2024 | I47: =YEAR(TODAY()) - H47 -> 2 | J47: NHQNXSP00141300B807600 | K47: Through LFP | L47: Mary Mae C. Hernandez | M47: For Transfer | N47: Transferred to Mary Rose Estacio (FS-AD)
A48: 22 | B48: Mark Jezekiah O. Abalos | C48: MJOA | D48: EPMPD | E48: Science Research Specialist I | F48: Macbook Pro 13 Inch M2 | G48: =VLOOKUP(F48,Data!$B$122:$C$135,2,FALSE) -> Apple | H48: =VLOOKUP(F48,Data!$B$122:$D$135,3,FALSE) -> 2023 | I48: =YEAR(TODAY()) - H48 -> 3 | J48: NJ6QX2L4KY | K48: Through LFP | L48: Mark Jezekiah O. Abalos
D49: EPMPD | F49: Predator Helios 300 | G49: =VLOOKUP(F49,Data!$B$122:$C$135,2,FALSE) -> Acer | H49: 2022 | I49: =YEAR(TODAY()) - H49 -> 4 | J49: NHQAUSPOO11111690C3400 | K49: Through LFP | M49: For RTS
A50: 23 | B50: Marivic P. Pajarillo | C50: MPP | D50: EPMPD | E50: Administrative Aide III | F50: Predator Helios 300 | G50: =VLOOKUP(F50,Data!$B$122:$C$135,2,FALSE) -> Acer | H50: =VLOOKUP(F50,Data!$B$122:$D$135,3,FALSE) -> 2021 | I50: =YEAR(TODAY()) - H50 -> 5 | J50: NHQAUSPOO111116DEF33400 | K50: Through LFP | L50: Marivic P. Pajarillo
D51: EPMPD | F51: TUF | G51: =VLOOKUP(F51,Data!$B$122:$C$135,2,FALSE) -> Asus | H51: =VLOOKUP(F51,Data!$B$122:$D$135,3,FALSE) -> 2020 | I51: =YEAR(TODAY()) - H51 -> 6 | J51: L8NRCX029748339 | K51: Through LFP | L51: Marivic P. Pajarillo | M51: Reserve
A52: 24 | B52: Jimwel B. Balunday | C52: JBB | D52: EPSMD | E52: Chief | F52: Predator Helios 16 | G52: =VLOOKUP(F52,Data!$B$122:$C$135,2,FALSE) -> Acer | H52: =VLOOKUP(F52,Data!$B$122:$D$135,3,FALSE) -> 2024 | I52: =YEAR(TODAY()) - H52 -> 2 | J52: NHQNXSP00141300C1D7600 | K52: Through LFP | L52: Melchor Ornopia | N52: For Repair
F53: Predator Helios 16 | G53: =VLOOKUP(F53,Data!$B$122:$C$135,2,FALSE) -> Acer | H53: =VLOOKUP(F53,Data!$B$122:$D$135,3,FALSE) -> 2024 | I53: =YEAR(TODAY()) - H53 -> 2 | J53: NHQNXSP001413009E17600 | K53: Through LFP | L53: Raven Alexis B. Cruz
F54: Predator Helios 16 | G54: =VLOOKUP(F54,Data!$B$122:$C$135,2,FALSE) -> Acer | H54: =VLOOKUP(F54,Data!$B$122:$D$135,3,FALSE) -> 2024 | I54: =YEAR(TODAY()) - H54 -> 2 | J54: NHQNXSP00141300C677600 | K54: Through LFP | L54: Rasmin Abby M. Salazar
A55: 25 | B55: Anabel M. Elmaga | C55: AME | D55: EPSMD | E55: Senior Science Research Specialist | F55: Macbook Pro 13 Inch M2 | G55: =VLOOKUP(F55,Data!$B$122:$C$135,2,FALSE) -> Apple | H55: =VLOOKUP(F55,Data!$B$122:$D$135,3,FALSE) -> 2023 | I55: =YEAR(TODAY()) - H55 -> 3 | J55: GPQN9XV4QC | K55: Through LFP | L55: Anabel M. Elmaga
F56: Predator Helios 300 | G56: =VLOOKUP(F56,Data!$B$122:$C$135,2,FALSE) -> Acer | H56: =VLOOKUP(F56,Data!$B$122:$D$135,3,FALSE) -> 2021 | I56: =YEAR(TODAY()) - H56 -> 5 | J56: NHQAUSP0011111745A3400 | K56: Through LFP | L56: Arnel Angelo P. Revilla | M56: For Transfer
A57: 26 | B57: Victorino Getalado Jr. | C57: VGJ | D57: EPSMD | E57: Senior Science Research Specialist | F57: Macbook Pro 13 Inch M2 | G57: =VLOOKUP(F57,Data!$B$122:$C$135,2,FALSE) -> Apple | H57: =VLOOKUP(F57,Data!$B$122:$D$135,3,FALSE) -> 2023 | I57: =YEAR(TODAY()) - H57 -> 3 | J57: WXVY320NV7 | K57: Through LFP | L57: Victorino Getalado Jr.
D58: EPSMD | F58: Mac Mini Desktop | G58: =VLOOKUP(F58,Data!$B$122:$C$135,2,FALSE) -> Apple | H58: =VLOOKUP(F58,Data!$B$122:$D$135,3,FALSE) -> 2022 | I58: =YEAR(TODAY()) - H58 -> 4 | J58: C07JC0AGQ6NY | K58: Through LFP | L58: Dorella Maye T. Perlas | N58: Transfer to EPMPD
D59: EPSMD | F59: Travelmate | G59: =VLOOKUP(F59,Data!$B$122:$C$135,2,FALSE) -> Acer | H59: =VLOOKUP(F59,Data!$B$122:$D$135,3,FALSE) -> 2022 | I59: =YEAR(TODAY()) - H59 -> 4 | J59: NXVPQSP01F1373CF497600 | K59: ITMS | N59: Leni Kate T. Barral
D60: EPSMD | F60: TUF | G60: =VLOOKUP(F60,Data!$B$122:$C$135,2,FALSE) -> Asus | H60: =VLOOKUP(F60,Data!$B$122:$D$135,3,FALSE) -> 2020 | I60: =YEAR(TODAY()) - H60 -> 6 | K60: Through LFP | N60: Johndel G. Manalo
D61: EPSMD | F61: Predator Helios 300 | G61: =VLOOKUP(F61,Data!$B$122:$C$135,2,FALSE) -> Acer | H61: =VLOOKUP(F61,Data!$B$122:$D$135,3,FALSE) -> 2021 | I61: =YEAR(TODAY()) - H61 -> 5 | K61: Through LFP | N61: Paul Joshua A. Martinez
D62: EPSMD | F62: Travelmate | G62: =VLOOKUP(F62,Data!$B$122:$C$135,2,FALSE) -> Acer | H62: =VLOOKUP(F62,Data!$B$122:$D$135,3,FALSE) -> 2022 | I62: =YEAR(TODAY()) - H62 -> 4 | J62: NXVPQSP01F1373CF1D7600 | K62: ITMS | M62: For RTS
A63: 27 | B63: Marc M. Martinez | C63: MMM | D63: EPSMD | E63: Senior Science Research Specialist | F63: Predator Helios 300 | G63: =VLOOKUP(F63,Data!$B$122:$C$135,2,FALSE) -> Acer | H63: =VLOOKUP(F63,Data!$B$122:$D$135,3,FALSE) -> 2021 | I63: =YEAR(TODAY()) - H63 -> 5 | J63: NHQAUSP0011111768B3400 | K63: Through LFP | L63: Marc M. Martinez
A64: 28 | B64: John Levi M. Mecca | C64: JLMM | D64: EPSMD | E64: Senior Science Research Specialist | F64: Macbook Pro 13 Inch M2 | G64: =VLOOKUP(F64,Data!$B$122:$C$135,2,FALSE) -> Apple | H64: =VLOOKUP(F64,Data!$B$122:$D$135,3,FALSE) -> 2023 | I64: =YEAR(TODAY()) - H64 -> 3 | J64: XK3YXN04MW | K64: Through LFP | L64: John Levi M. Mecca
A65: 29 | B65: Mara Camille C. Galos | C65: MCCG | D65: EPSMD | E65: Senior Science Research Specialist | F65: Macbook Pro 13 Inch M2 | G65: Apple | H65: 2023 | I65: 3 | J65: KGR7FTXFDY | K65: Through LFP | L65: Mara Camille C. Galos
D66: EPSMD | F66: Macbook Air 13 inch M2 | G66: Apple | H66: 2023 | I66: 3 | J66: SHXJLD3QB1WFV | K66: Through LFP | L66: Richard S. Asaytuno | M66: For Transfer | N66: Transfer to EPMPD
D67: EPSMD | F67: Predator Helios 300 | G67: Acer | H67: 2021 | I67: 5 | J67: NHQAUSPOO111116B3E3400 | K67: Through LFP | L67: Jewel R. Balon | N67: Gamit NED
A68: 30 | B68: Dante L. Castillo | C68: DLC | D68: EPSMD | E68: Senior Science Research Specialist | G68: =VLOOKUP(F68,Data!$B$122:$C$135,2,FALSE) -> #N/A | H68: =VLOOKUP(F68,Data!$B$122:$D$135,3,FALSE) -> #N/A | I68: =YEAR(TODAY()) - H68 -> #N/A | N68: No issued Laptop
A69: 31 | B69: Arnel Angelo P. Revilla | C69: AAPR | D69: EPSMD | E69: Science Research Specialist II | F69: Mac Mini Desktop | G69: =VLOOKUP(F69,Data!$B$122:$C$135,2,FALSE) -> Apple | H69: =VLOOKUP(F69,Data!$B$122:$D$135,3,FALSE) -> 2022 | I69: =YEAR(TODAY()) - H69 -> 4 | J69: C07JL110Q6NY | K69: Through LFP | N69: Karl Joshua A. Abordo
A70: 32 | B70: Angela Maureen Panapanaan | C70: AMP | D70: EPSMD | E70: Science Research Specialist II | F70: Macbook Air 13 inch M1 | G70: =VLOOKUP(F70,Data!$B$122:$C$135,2,FALSE) -> Apple | H70: =VLOOKUP(F70,Data!$B$122:$D$135,3,FALSE) -> 2022 | I70: =YEAR(TODAY()) - H70 -> 4 | J70: HXJLD9R51WFV | K70: Through LFP | L70: Angela Maureen Panapanaan
D71: EPSMD | F71: Mac Mini Desktop | G71: =VLOOKUP(F71,Data!$B$122:$C$135,2,FALSE) -> Apple | H71: =VLOOKUP(F71,Data!$B$122:$D$135,3,FALSE) -> 2022 | I71: =YEAR(TODAY()) - H71 -> 4 | J71: C07JC0ACQ6NY | K71: Through LFP | L71: Angela Maureen Panapanaan
A72: 33 | B72: Aira D. Baluyut | C72: ADB | D72: EPSMD | E72: Science Research Specialist II | F72: Macbook Pro 14 Inch M2 | G72: =VLOOKUP(F72,Data!$B$122:$C$135,2,FALSE) -> Apple | H72: =VLOOKUP(F72,Data!$B$122:$D$135,3,FALSE) -> 2023 | I72: =YEAR(TODAY()) - H72 -> 3 | J72: CA-NO-23-4970 / XPQMJQRHH3 | K72: Through LFP | L72: Aira D. Baluyut
D73: EPSMD | F73: Macbook Pro 13 Inch M2 | G73: =VLOOKUP(F73,Data!$B$122:$C$135,2,FALSE) -> Apple | H73: =VLOOKUP(F73,Data!$B$122:$D$135,3,FALSE) -> 2023 | I73: =YEAR(TODAY()) - H73 -> 3 | J73: G763J4WV32 | K73: Through LFP | N73: Carl G. Monsalud
A74: 34 | B74: Rusty Mar G. Saclusa | C74: RMGS | D74: EPSMD | E74: Science Research Specialist II | F74: Predator Helios 16 | G74: =VLOOKUP(F74,Data!$B$122:$C$135,2,FALSE) -> Acer | H74: =VLOOKUP(F74,Data!$B$122:$D$135,3,FALSE) -> 2024 | I74: =YEAR(TODAY()) - H74 -> 2 | J74: NHQNXSP00141300A417600 | K74: Through LFP | L74: Rusty Mar G. Saclusa
A75: 35 | B75: Raven Alexis B. Cruz | C75: RABC | D75: EPSMD | E75: Science Research Specialist II | N75: w/ laptop c/o JBB
A76: 36 | B76: Alejandre C. Montemayo | C76: ACM | D76: EPSMD | E76: Science Research Specialist II | F76: Predator Helios 16 | G76: =VLOOKUP(F76,Data!$B$122:$C$135,2,FALSE) -> Acer | H76: =VLOOKUP(F76,Data!$B$122:$D$135,3,FALSE) -> 2024 | I76: =YEAR(TODAY()) - H76 -> 2 | J76: NHQNXSP00141300BC07600 | K76: Through LFP | N76: Alejandre C. Montemayo
A77: 37 | B77: John Vincent P. Santos | C77: JVPS | D77: EPSMD | E77: Science Research Specialist I | F77: Predator Helios 16 | G77: =VLOOKUP(F77,Data!$B$122:$C$135,2,FALSE) -> Acer | H77: =VLOOKUP(F77,Data!$B$122:$D$135,3,FALSE) -> 2024 | I77: =YEAR(TODAY()) - H77 -> 2 | K77: Through LFP | N77: John Vincent P. Santos
A78: 38 | B78: Mark Demy C. Rosal | C78: MDCR | D78: EPSMD | E78: Administrative Aide VI | F78: Travelmate | G78: =VLOOKUP(F78,Data!$B$122:$C$135,2,FALSE) -> Acer | H78: =VLOOKUP(F78,Data!$B$122:$D$135,3,FALSE) -> 2022 | I78: =YEAR(TODAY()) - H78 -> 4 | J78: NXVPXSP00W109025187600 | K78: ITMS | N78: Mark Demy C. Rosal
A79: 39 | B79: Shiela D. Dela Cruz | C79: SDD | D79: NED | E79: OIC-Chief | F79: Predator Helios 16 | G79: =VLOOKUP(F79,Data!$B$122:$C$135,2,FALSE) -> Acer | H79: =VLOOKUP(F79,Data!$B$122:$D$135,3,FALSE) -> 2024 | I79: =YEAR(TODAY()) - H79 -> 2 | J79: NHQNXSP00141300C3C7600 | K79: Through LFP | L79: Joana Marie F. Chavez
D80: NED | F80: Predator Helios 16 | G80: =VLOOKUP(F80,Data!$B$122:$C$135,2,FALSE) -> Acer | H80: =VLOOKUP(F80,Data!$B$122:$D$135,3,FALSE) -> 2024 | I80: =YEAR(TODAY()) - H80 -> 2 | J80: NHQNXSP00141300A627600 | K80: Through LFP | L80: Jewel R. Balon
D81: NED | F81: Predator Helios 16 | G81: =VLOOKUP(F81,Data!$B$122:$C$135,2,FALSE) -> Acer | H81: =VLOOKUP(F81,Data!$B$122:$D$135,3,FALSE) -> 2024 | I81: =YEAR(TODAY()) - H81 -> 2 | J81: NHQNXSP00141300B207600 | K81: Through LFP | L81: Maria Jade N. Delos Reyes
A82: 40 | B82: Julius N. Alano | C82: JNA | D82: NED | E82: Supervising Science Research Specialist | F82: Predator Helios 16 | G82: =VLOOKUP(F82,Data!$B$122:$C$135,2,FALSE) -> Acer | H82: =VLOOKUP(F82,Data!$B$122:$D$135,3,FALSE) -> 2024 | I82: =YEAR(TODAY()) - H82 -> 2 | J82: NHQNXSP00141300BAB7600 | K82: Through LFP | L82: Julius N. Alano
A83: 41 | B83: Sydney D. Requilla | C83: SDR | D83: NED | E83: Supervising Science Research Specialist | F83: Predator Helios 16 | G83: =VLOOKUP(F83,Data!$B$122:$C$135,2,FALSE) -> Acer | H83: =VLOOKUP(F83,Data!$B$122:$D$135,3,FALSE) -> 2024 | I83: =YEAR(TODAY()) - H83 -> 2 | J83: NHQNXSP0014130097B7600 | K83: Through LFP | L83: Sydney D. Requilla
A84: 42 | B84: Louise Andrea B. Melquiades | C84: LABM | D84: NED | E84: Science Research Specialist II | F84: Predator Helios 300 | G84: =VLOOKUP(F84,Data!$B$122:$C$135,2,FALSE) -> Acer | H84: =VLOOKUP(F84,Data!$B$122:$D$135,3,FALSE) -> 2021 | I84: =YEAR(TODAY()) - H84 -> 5 | J84: NHQAUSP001111166E93400 | K84: Through LFP | L84: Louise Andrea B. Melquiades
A85: 43 | B85: Angela Mae L. Concepcion | C85: AMLC | D85: NED | E85: Science Research Specialist II | G85: =VLOOKUP(F85,Data!$B$122:$C$135,2,FALSE) -> #N/A | H85: =VLOOKUP(F85,Data!$B$122:$D$135,3,FALSE) -> #N/A | I85: =YEAR(TODAY()) - H85 -> #N/A | K85: Through LFP
A86: 44 | B86: Angelu B. Bermas | C86: ABB | D86: NED | E86: Science Research Specialist II | F86: Predator Helios 16 | G86: =VLOOKUP(F86,Data!$B$122:$C$135,2,FALSE) -> Acer | H86: =VLOOKUP(F86,Data!$B$122:$D$135,3,FALSE) -> 2024 | I86: =YEAR(TODAY()) - H86 -> 2 | J86: NHQNXSP00141300C7B7600 | K86: Through LFP | L86: Angelu B. Bermas
A87: 45 | B87: Cephas Olivier V. Cabatit | C87: COVC | D87: NED | E87: Science Research Specialist II | F87: Predator Helios 16 | G87: =VLOOKUP(F87,Data!$B$122:$C$135,2,FALSE) -> Acer | H87: =VLOOKUP(F87,Data!$B$122:$D$135,3,FALSE) -> 2024 | I87: =YEAR(TODAY()) - H87 -> 2 | J87: NHQNXSP001413009887600 | K87: Through LFP | L87: Cephas Olivier V. Cabatit
A88: 46 | B88: Nikko A. Cabubas | C88: NAC | D88: NED | E88: Science Research Specialist I | F88: Macbook Pro 14 Inch M2 | G88: =VLOOKUP(F88,Data!$B$122:$C$135,2,FALSE) -> Apple | H88: =VLOOKUP(F88,Data!$B$122:$D$135,3,FALSE) -> 2023 | I88: =YEAR(TODAY()) - H88 -> 3 | J88: SD9V4W34JE7 | K88: Through LFP | L88: Nikko A. Cabubas
A89: 47 | B89: Jewel R. Balon | C89: JRB | D89: NED | E89: Science Research Specialist I | G89: =VLOOKUP(F89,Data!$B$122:$C$135,2,FALSE) -> #N/A | H89: =VLOOKUP(F89,Data!$B$122:$D$135,3,FALSE) -> #N/A | I89: =YEAR(TODAY()) - H89 -> #N/A | K89: Through LFP
A90: 48 | B90: Andresito F. Ulgado | C90: AFU | D90: EVIMD | E90: Chief | F90: Predator Helios 16 | G90: =VLOOKUP(F90,Data!$B$122:$C$135,2,FALSE) -> Acer | H90: =VLOOKUP(F90,Data!$B$122:$D$135,3,FALSE) -> 2024 | I90: =YEAR(TODAY()) - H90 -> 2 | J90: NHQNXSP00141300CAE7600 | K90: Through LFP | L90: Andresito F. Ulgado
F91: Predator Helios 300 | G91: Acer | H91: 2021 | I91: 2 | J91: NHQAUSPOO111116A523400 | K91: Through LFP | L91: Andresito F. Ulgado
A92: 55 | B92: Dwane Darcy D. Cayonte | C92: DDDC | D92: EVIMD | E92: Supervising Science Research Specialist | F92: Predator Helios 16 | G92: =VLOOKUP(F92,Data!$B$122:$C$135,2,FALSE) -> Acer | H92: =VLOOKUP(F92,Data!$B$122:$D$135,3,FALSE) -> 2024 | I92: =YEAR(TODAY()) - H92 -> 2 | J92: NHQNXSP00141300C5D7600 | K92: Through LFP | L92: Dwane Darcy D. Cayonte
A93: 56 | B93: Peter A. Sablay | C93: PAS | D93: EVIMD | E93: Senior Science Research Specialist | F93: Predator Helios 16 | G93: =VLOOKUP(F93,Data!$B$122:$C$135,2,FALSE) -> Acer | H93: =VLOOKUP(F93,Data!$B$122:$D$135,3,FALSE) -> 2024 | I93: =YEAR(TODAY()) - H93 -> 2 | J93: NHQNXSP001413009827600 | K93: Through LFP | L93: Peter A. Sablay
D94: EVIMD | F94: Predator Helios 300 | G94: =VLOOKUP(F94,Data!$B$122:$C$135,2,FALSE) -> Acer | H94: =VLOOKUP(F94,Data!$B$122:$D$135,3,FALSE) -> 2021 | I94: =YEAR(TODAY()) - H94 -> 5 | K94: Through LFP | L94: Peter A. Sablay
A95: 57 | B95: Oliver L. Desamito | C95: OLD | D95: EVIMD | E95: Senior Science Research Specialist | F95: Predator Helios 16 | G95: =VLOOKUP(F95,Data!$B$122:$C$135,2,FALSE) -> Acer | H95: =VLOOKUP(F95,Data!$B$122:$D$135,3,FALSE) -> 2024 | I95: =YEAR(TODAY()) - H95 -> 2 | J95: NHQNXSP00141300C0D7600 | K95: Through LFP | L95: Oliver L. Desamito | N95: Jovelyn Pamittan
D96: EVIMD | F96: Macbook Air 13 inch M1 | G96: =VLOOKUP(F96,Data!$B$122:$C$135,2,FALSE) -> Apple | H96: =VLOOKUP(F96,Data!$B$122:$D$135,3,FALSE) -> 2022 | I96: =YEAR(TODAY()) - H96 -> 4 | J96: FVFHP12CQ6M1 | K96: Through LFP | L96: Oliver L. Desamito
A97: 59 | B97: Jairus Drei E. Geronimo | C97: JDEG | D97: EVIMD | E97: Science Research Specialist II | F97: Predator Helios 16 | G97: =VLOOKUP(F97,Data!$B$122:$C$135,2,FALSE) -> Acer | H97: =VLOOKUP(F97,Data!$B$122:$D$135,3,FALSE) -> 2024 | I97: =YEAR(TODAY()) - H97 -> 2 | J97: NHQNXSP00141300C6A7600 | K97: Through LFP | L97: Jairus Drei E. Geronimo
D98: EVIMD | F98: Predator Helios 300 | G98: =VLOOKUP(F98,Data!$B$122:$C$135,2,FALSE) -> Acer | H98: =VLOOKUP(F98,Data!$B$122:$D$135,3,FALSE) -> 2021 | I98: =YEAR(TODAY()) - H98 -> 5 | J98: NHQAUSP001111171EE3400 | K98: Through LFP | L98: Jairus Drei E. Geronimo | N98: Elijah Gabriel Padre Juan
A99: 60 | B99: Ma. April C. Fornoles | C99: MACF | D99: EVIMD | E99: Science Research Specialist II | F99: Predator Helios 16 | G99: =VLOOKUP(F99,Data!$B$122:$C$135,2,FALSE) -> Acer | H99: =VLOOKUP(F99,Data!$B$122:$D$135,3,FALSE) -> 2024 | I99: =YEAR(TODAY()) - H99 -> 2 | J99: NHQNXSP00141300B767600 | K99: Through LFP | L99: Ma. April C. Fornoles
A100: 61 | B100: Patrick Carlo C. Andres | C100: PCCA | D100: EVIMD | E100: Science Research Specialist II | F100: Predator Helios 16 | G100: =VLOOKUP(F100,Data!$B$122:$C$135,2,FALSE) -> Acer | H100: =VLOOKUP(F100,Data!$B$122:$D$135,3,FALSE) -> 2024 | I100: =YEAR(TODAY()) - H100 -> 2 | J100: NHQNXSP00141300C427600 | K100: Through LFP | L100: Patrick Carlo C. Andres
...

Sheet Tablet
A1: No. | B1: Full Name | C1: Initials | D1: Division | E1: Position | F1: Model | G1: Brand | H1: Year Acquired/ Transferred | I1: Years in service | J1: Serial Number | K1: Method of Procurement | L1: Current Custodian | M1: Remarks
A2: 1 | B2: Editha T. Ramos | C2: ETR | D2: EPRED | E2: Chief | F2: iPad | G2: =VLOOKUP(F2,Data!$B$140:$C$144,2,FALSE) -> Apple | H2: =VLOOKUP(F2,Data!$B$140:$D$144,3,FALSE) -> 2023 | I2: =YEAR(TODAY()) - H2 -> 3 | L2: Editha T. Ramos
D3: EPRED | F3: Xiaomi Pad 6 | G3: =VLOOKUP(F3,Data!$B$140:$C$144,2,FALSE) -> Xiaomi | H3: =VLOOKUP(F3,Data!$B$140:$D$144,3,FALSE) -> 2023 | I3: =YEAR(TODAY()) - H3 -> 3 | L3: John Jomari M. Garcia
D4: EPRED | F4: Xiaomi Pad 6 | G4: =VLOOKUP(F4,Data!$B$140:$C$144,2,FALSE) -> Xiaomi | H4: =VLOOKUP(F4,Data!$B$140:$D$144,3,FALSE) -> 2023 | I4: =YEAR(TODAY()) - H4 -> 3 | L4: Von Jari Anievas
A5: 2 | B5: Roselle L. Ibuna | C5: RLI | D5: EPRED | E5: OIC-Supervising Science Research Specialist | F5: iPad | G5: =VLOOKUP(F5,Data!$B$140:$C$144,2,FALSE) -> Apple | H5: =VLOOKUP(F5,Data!$B$140:$D$144,3,FALSE) -> 2023 | I5: =YEAR(TODAY()) - H5 -> 3 | L5: Roselle L. Ibuna
D6: EPRED | F6: Xiaomi Pad 6 | G6: =VLOOKUP(F6,Data!$B$140:$C$144,2,FALSE) -> Xiaomi | H6: =VLOOKUP(F6,Data!$B$140:$D$144,3,FALSE) -> 2023 | I6: =YEAR(TODAY()) - H6 -> 3 | L6: Merielle T. Maranan
A7: 3 | B7: Joan C. Escalona | C7: JCE | D7: EPRED | E7: Supervising Science Research Specialist | F7: iPad | G7: =VLOOKUP(F7,Data!$B$140:$C$144,2,FALSE) -> Apple | H7: =VLOOKUP(F7,Data!$B$140:$D$144,3,FALSE) -> 2023 | I7: =YEAR(TODAY()) - H7 -> 3 | L7: Joan C. Escalona
A8: 4 | B8: Eleanor R. Hainto | C8: ERH | D8: EPRED | E8: Science Research Specialist II | F8: Xiaomi Pad 6 | G8: =VLOOKUP(F8,Data!$B$140:$C$144,2,FALSE) -> Xiaomi | H8: =VLOOKUP(F8,Data!$B$140:$D$144,3,FALSE) -> 2023 | I8: =YEAR(TODAY()) - H8 -> 3 | L8: Eleanor R. Hainto
A9: 5 | B9: Steven Ivan G. Caiña | C9: SIGC | D9: EPRED | E9: Science Research Specialist II | F9: iPad | G9: =VLOOKUP(F9,Data!$B$140:$C$144,2,FALSE) -> Apple | H9: =VLOOKUP(F9,Data!$B$140:$D$144,3,FALSE) -> 2023 | I9: =YEAR(TODAY()) - H9 -> 3 | L9: Steven Ivan G. Caiña
D10: EPRED | F10: Xiaomi Pad 6 (Last Batch) | G10: =VLOOKUP(F10,Data!$B$140:$C$144,2,FALSE) -> Xiaomi | H10: =VLOOKUP(F10,Data!$B$140:$D$144,3,FALSE) -> 2024 | I10: =YEAR(TODAY()) - H10 -> 2 | J10: 47859/04TM00697 | L10: Ara Jane C. Canaria
D11: EPRED | F11: Xiaomi Pad 6 (Last Batch) | G11: =VLOOKUP(F11,Data!$B$140:$C$144,2,FALSE) -> Xiaomi | H11: =VLOOKUP(F11,Data!$B$140:$D$144,3,FALSE) -> 2024 | I11: =YEAR(TODAY()) - H11 -> 2 | J11: 47780/04PU02866 | L11: Benlie Mae B. Antonio
D12: EPRED | F12: Xiaomi Pad 6 (Last Batch) | G12: =VLOOKUP(F12,Data!$B$140:$C$144,2,FALSE) -> Xiaomi | H12: =VLOOKUP(F12,Data!$B$140:$D$144,3,FALSE) -> 2024 | I12: =YEAR(TODAY()) - H12 -> 2 | J12: 47780/04PF00622 | M12: Suzanne M. Pantaleon
D13: EPRED | F13: Xiaomi Pad 6 (Last Batch) | G13: =VLOOKUP(F13,Data!$B$140:$C$144,2,FALSE) -> Xiaomi | H13: =VLOOKUP(F13,Data!$B$140:$D$144,3,FALSE) -> 2024 | I13: =YEAR(TODAY()) - H13 -> 2 | M13: Hannah Isabel L. Cumpas
A14: 6 | B14: Aaron R. Premacio | C14: ARP | D14: EPRED | E14: Science Research Specialist II | F14: Xiaomi Pad 6 | G14: =VLOOKUP(F14,Data!$B$140:$C$144,2,FALSE) -> Xiaomi | H14: =VLOOKUP(F14,Data!$B$140:$D$144,3,FALSE) -> 2023 | I14: =YEAR(TODAY()) - H14 -> 3 | L14: Aaron R. Premacio
A15: 7 | B15: Celedonio Tiu Salle | C15: CTS | D15: EPRED | E15: Science Research Specialist II | F15: Xiaomi Pad 6 (Last Batch) | G15: =VLOOKUP(F15,Data!$B$140:$C$144,2,FALSE) -> Xiaomi | H15: =VLOOKUP(F15,Data!$B$140:$D$144,3,FALSE) -> 2024 | I15: =YEAR(TODAY()) - H15 -> 2 | L15: Celedonio Tiu Salle
A16: 8 | B16: Erwin-Lou D. Peregrino | C16: EDP | D16: EPRED | E16: Science Research Specialist II | F16: Xiaomi Pad 6 | G16: =VLOOKUP(F16,Data!$B$140:$C$144,2,FALSE) -> Xiaomi | H16: =VLOOKUP(F16,Data!$B$140:$D$144,3,FALSE) -> 2023 | I16: =YEAR(TODAY()) - H16 -> 3 | L16: Erwin-Lou D. Peregrino
D17: EPRED | F17: Xiaomi Pad 6 | G17: =VLOOKUP(F17,Data!$B$140:$C$144,2,FALSE) -> Xiaomi | H17: =VLOOKUP(F17,Data!$B$140:$D$144,3,FALSE) -> 2023 | I17: =YEAR(TODAY()) - H17 -> 3 | L17: James C. Francisco
A18: 9 | B18: Catherine C. Cadiz | C18: CCC | D18: EPRED | E18: Science Research Specialist II | F18: Xiaomi Pad 6 | G18: =VLOOKUP(F18,Data!$B$140:$C$144,2,FALSE) -> Xiaomi | H18: =VLOOKUP(F18,Data!$B$140:$D$144,3,FALSE) -> 2023 | I18: =YEAR(TODAY()) - H18 -> 3 | L18: Catherine C. Cadiz
A19: 10 | B19: Chesca Mie A. Gaduyon | C19: CMAG | D19: EPRED | E19: Science Research Specialist II | F19: Xiaomi Pad 6 | G19: =VLOOKUP(F19,Data!$B$140:$C$144,2,FALSE) -> Xiaomi | H19: =VLOOKUP(F19,Data!$B$140:$D$144,3,FALSE) -> 2023 | I19: =YEAR(TODAY()) - H19 -> 3 | J19: 47795/K3VQ02244 | L19: Hannah Isabel L. Cumpas
D20: EPRED | F20: Samsung Galaxy Tab | G20: =VLOOKUP(F20,Data!$B$140:$C$144,2,FALSE) -> Samsung | H20: =VLOOKUP(F20,Data!$B$140:$D$144,3,FALSE) -> 2024 | I20: =YEAR(TODAY()) - H20 -> 2 | J20: R52WC04FCJT | L20: Chesca Mie A. Gaduyon
A21: 11 | B21: Marienelle S. Santos | C21: MSS | D21: EPRED | E21: Science Research Specialist II | F21: Xiaomi Pad 6 | G21: =VLOOKUP(F21,Data!$B$140:$C$144,2,FALSE) -> Xiaomi | H21: =VLOOKUP(F21,Data!$B$140:$D$144,3,FALSE) -> 2023 | I21: =YEAR(TODAY()) - H21 -> 3 | L21: Marienelle S. Santos
D22: EPRED | F22: Xiaomi Pad 6 | G22: =VLOOKUP(F22,Data!$B$140:$C$144,2,FALSE) -> Xiaomi | H22: =VLOOKUP(F22,Data!$B$140:$D$144,3,FALSE) -> 2023 | I22: =YEAR(TODAY()) - H22 -> 3 | L22: Sheila C. Gadil
A23: 12 | B23: Daniel Vincent P. De Guzman | C23: DVDG | D23: EPRED | E23: Science Research Specialist II | F23: Xiaomi Pad 6 | G23: =VLOOKUP(F23,Data!$B$140:$C$144,2,FALSE) -> Xiaomi | H23: =VLOOKUP(F23,Data!$B$140:$D$144,3,FALSE) -> 2023 | I23: =YEAR(TODAY()) - H23 -> 3 | L23: Daniel Vincent P. De Guzman
D24: EPRED | F24: Xiaomi Pad 6 | G24: =VLOOKUP(F24,Data!$B$140:$C$144,2,FALSE) -> Xiaomi | H24: =VLOOKUP(F24,Data!$B$140:$D$144,3,FALSE) -> 2023 | I24: =YEAR(TODAY()) - H24 -> 3 | L24: Mary Ann Fernando
A25: 13 | B25: Chester Syrill J. De Castro | C25: CSJDC | D25: EPRED | E25: Science Research Specialist I | F25: Xiaomi Pad 6 (Last Batch) | G25: =VLOOKUP(F25,Data!$B$140:$C$144,2,FALSE) -> Xiaomi | H25: =VLOOKUP(F25,Data!$B$140:$D$144,3,FALSE) -> 2024 | I25: =YEAR(TODAY()) - H25 -> 2 | L25: Chester Syrill J. De Castro
A26: 14 | B26: Marvin B. Bahia | C26: MBB | D26: EPRED | E26: Science Research Specialist I | F26: Xiaomi Pad 6 (Last Batch) | G26: =VLOOKUP(F26,Data!$B$140:$C$144,2,FALSE) -> Xiaomi | H26: =VLOOKUP(F26,Data!$B$140:$D$144,3,FALSE) -> 2024 | I26: =YEAR(TODAY()) - H26 -> 2 | L26: Marvin B. Bahia
A27: 15 | B27: Christine Joy M. Lamzon | C27: CJML | D27: EPRED | E27: Administrative Aide VI | F27: Xiaomi Pad 6 | G27: =VLOOKUP(F27,Data!$B$140:$C$144,2,FALSE) -> Xiaomi | H27: =VLOOKUP(F27,Data!$B$140:$D$144,3,FALSE) -> 2023 | I27: =YEAR(TODAY()) - H27 -> 3 | J27: 47843/K3U400176 | L27: Christine Joy M. Lamzon
A28: 16 | B28: Daniel Collin G. Jornales | C28: DCGJ | D28: EPMPD | E28: Chief Science Research Specialist | F28: Samsung Galaxy Tab | G28: =VLOOKUP(F28,Data!$B$140:$C$144,2,FALSE) -> Samsung | H28: =VLOOKUP(F28,Data!$B$140:$D$144,3,FALSE) -> 2024 | I28: =YEAR(TODAY()) - H28 -> 2
A29: 17 | B29: Christian Harris T. Hernaez | C29: CHTH | D29: EPMPD | E29: OIC Supervising Science Research Specialist | F29: Xiaomi Pad 6 | G29: =VLOOKUP(F29,Data!$B$140:$C$144,2,FALSE) -> Xiaomi | H29: =VLOOKUP(F29,Data!$B$140:$D$144,3,FALSE) -> 2023 | I29: =YEAR(TODAY()) - H29 -> 3 | L29: Hans Christer A. Arcilla
A30: 18 | B30: Jerick Kuh D. Nalaunan | C30: JKDN | D30: EPMPD | E30: Senior Science Research Specialist | F30: Xiaomi Pad 6 | G30: =VLOOKUP(F30,Data!$B$140:$C$144,2,FALSE) -> Xiaomi | H30: =VLOOKUP(F30,Data!$B$140:$D$144,3,FALSE) -> 2023 | I30: =YEAR(TODAY()) - H30 -> 3
A31: 19 | B31: Mara Camille C. Galos | C31: MCCG | D31: EPMPD | E31: Science Research Specialist II | F31: Xiaomi Pad 6 | G31: =VLOOKUP(F31,Data!$B$140:$C$144,2,FALSE) -> Xiaomi | H31: =VLOOKUP(F31,Data!$B$140:$D$144,3,FALSE) -> 2023 | I31: =YEAR(TODAY()) - H31 -> 3
A32: 20 | B32: Dave Angelo T. Cabalteja | C32: DATC | D32: EPMPD | E32: Science Research Specialist II | F32: Xiaomi Pad 6 | G32: =VLOOKUP(F32,Data!$B$140:$C$144,2,FALSE) -> Xiaomi | H32: =VLOOKUP(F32,Data!$B$140:$D$144,3,FALSE) -> 2023 | I32: =YEAR(TODAY()) - H32 -> 3
A33: 21 | B33: Vittorio Leif Ericson J. Santos | C33: VLEJS | D33: EPMPD | E33: Science Research Specialist II | F33: Xiaomi Pad 6 | G33: =VLOOKUP(F33,Data!$B$140:$C$144,2,FALSE) -> Xiaomi | H33: =VLOOKUP(F33,Data!$B$140:$D$144,3,FALSE) -> 2023 | I33: =YEAR(TODAY()) - H33 -> 3
A34: 22 | B34: Mary Mae C. Hernandez | C34: MMCH | D34: EPMPD | E34: Science Research Specialist II | F34: Xiaomi Pad 6 | G34: =VLOOKUP(F34,Data!$B$140:$C$144,2,FALSE) -> Xiaomi | H34: =VLOOKUP(F34,Data!$B$140:$D$144,3,FALSE) -> 2023 | I34: =YEAR(TODAY()) - H34 -> 3
A35: 23 | B35: Mark Jezekiah O. Abalos | C35: MJOA | D35: EPMPD | E35: Science Research Specialist I | F35: Samsung Galaxy Tab | G35: =VLOOKUP(F35,Data!$B$140:$C$144,2,FALSE) -> Samsung | H35: =VLOOKUP(F35,Data!$B$140:$D$144,3,FALSE) -> 2024 | I35: =YEAR(TODAY()) - H35 -> 2
A36: 24 | B36: Marivic P. Pajarillo | C36: MPP | D36: EPMPD | E36: Administrative III | F36: Xiaomi Pad 6 | G36: =VLOOKUP(F36,Data!$B$140:$C$144,2,FALSE) -> Xiaomi | H36: =VLOOKUP(F36,Data!$B$140:$D$144,3,FALSE) -> 2023 | I36: =YEAR(TODAY()) - H36 -> 3
A37: 26 | B37: Hans Christer A. Arcilla | C37: HCAA | D37: EPMPD | E37: Science Research Specialist I | F37: Xiaomi Pad 6 (Last Batch) | G37: xiaomi | H37: 2025 | I37: 1 | J37: 62779/05QD00365
B38: Dorella Maye T. Perlas | C38: DMTP | D38: EPMPD | E38: Senior Science Research Specialist | F38: Xiaomi Pad 6 | G38: Xiaomi | H38: 2023 | I38: =YEAR(TODAY()) - H38 -> 3 | J38: 47780|K3WC00814
A39: 27 | B39: Jimwel B. Balunday | C39: JBB | D39: EPSMD | E39: Chief | F39: iPad | G39: =VLOOKUP(F39,Data!$B$140:$C$144,2,FALSE) -> Apple | H39: =VLOOKUP(F39,Data!$B$140:$D$144,3,FALSE) -> 2023 | I39: =YEAR(TODAY()) - H39 -> 3 | L39: Angela Maureen Panapanaan
A40: 29 | B40: Anabel M. Elmaga | C40: AME | D40: EPSMD | E40: SR. SRS | F40: Xiaomi Pad 6 | G40: =VLOOKUP(F40,Data!$B$140:$C$144,2,FALSE) -> Xiaomi | H40: =VLOOKUP(F40,Data!$B$140:$D$144,3,FALSE) -> 2023 | I40: =YEAR(TODAY()) - H40 -> 3 | J40: 47854/K3XN00513 | L40: Anabel M. Elmaga
A41: 30 | B41: Victorino Getalado Jr. | C41: VGJ | D41: EPSMD | E41: SR. SRS | F41: iPad | G41: =VLOOKUP(F41,Data!$B$140:$C$144,2,FALSE) -> Apple | H41: =VLOOKUP(F41,Data!$B$140:$D$144,3,FALSE) -> 2023 | I41: =YEAR(TODAY()) - H41 -> 3 | L41: Victorino Getalado Jr.
A42: 31 | B42: Marc M. Martinez | C42: MMM | D42: EPSMD | E42: SR. SRS | F42: iPad | G42: =VLOOKUP(F42,Data!$B$140:$C$144,2,FALSE) -> Apple | H42: =VLOOKUP(F42,Data!$B$140:$D$144,3,FALSE) -> 2023 | I42: =YEAR(TODAY()) - H42 -> 3 | L42: Marc M. Martinez
A43: 35 | B43: John Levi M. Mecca | C43: JLMM | D43: EPSMD | E43: SRS II | F43: Xiaomi Pad 6 | G43: =VLOOKUP(F43,Data!$B$140:$C$144,2,FALSE) -> Xiaomi | H43: =VLOOKUP(F43,Data!$B$140:$D$144,3,FALSE) -> 2023 | I43: =YEAR(TODAY()) - H43 -> 3 | J43: 47854/K3WN01331 | L43: John Levi M. Mecca
A44: 36 | B44: Alejandre C. Montemayo | C44: ACM | D44: EPSMD | E44: SRS II | F44: Xiaomi Pad 6 | G44: =VLOOKUP(F44,Data!$B$140:$C$144,2,FALSE) -> Xiaomi | H44: =VLOOKUP(F44,Data!$B$140:$D$144,3,FALSE) -> 2023 | I44: =YEAR(TODAY()) - H44 -> 3 | J44: /K3VN000071 | L44: Alejandre C. Montemayo
A45: 37 | B45: Arnel Angelo P. Revilla | C45: AAPR | D45: EPSMD | E45: SRS II | F45: Xiaomi Pad 6 | G45: =VLOOKUP(F45,Data!$B$140:$C$144,2,FALSE) -> Xiaomi | H45: =VLOOKUP(F45,Data!$B$140:$D$144,3,FALSE) -> 2023 | I45: =YEAR(TODAY()) - H45 -> 3 | J45: 47780/K3WC00801 | L45: Arnel Angelo P. Revilla
F46: iPad | G46: =VLOOKUP(F46,Data!$B$140:$C$144,2,FALSE) -> Apple | H46: =VLOOKUP(F46,Data!$B$140:$D$144,3,FALSE) -> 2023 | I46: =YEAR(TODAY()) - H46 -> 3 | L46: Arnel Angelo P. Revilla
A47: 38 | B47: Angela Maureen Panapanaan | C47: AMP | D47: EPSMD | E47: SRS II | F47: Xiaomi Pad 6 | G47: =VLOOKUP(F47,Data!$B$140:$C$144,2,FALSE) -> Xiaomi | H47: =VLOOKUP(F47,Data!$B$140:$D$144,3,FALSE) -> 2023 | I47: =YEAR(TODAY()) - H47 -> 3 | J47: 47854/04VA00293 | L47: Rasmin Abby M. Salazar
A48: 39 | B48: Aira D. Baluyut | C48: ADB | D48: EPSMD | E48: SRS II | F48: Xiaomi Pad 6 | G48: =VLOOKUP(F48,Data!$B$140:$C$144,2,FALSE) -> Xiaomi | H48: =VLOOKUP(F48,Data!$B$140:$D$144,3,FALSE) -> 2023 | I48: =YEAR(TODAY()) - H48 -> 3 | J48: 47854/K3XN00400 | L48: Aira D. Baluyut
A49: 40 | B49: Rusty Mar G. Saclusa | C49: RMGS | D49: EPSMD | E49: SRS II | F49: Xiaomi Pad 6 | G49: =VLOOKUP(F49,Data!$B$140:$C$144,2,FALSE) -> Xiaomi | H49: =VLOOKUP(F49,Data!$B$140:$D$144,3,FALSE) -> 2023 | I49: =YEAR(TODAY()) - H49 -> 3 | J49: 47859/04VS00822 | L49: Rusty Mar G. Saclusa
A50: 42 | B50: Shiela D. Dela Cruz | C50: SDD | D50: NED | E50: OIC-Chief | F50: Xiaomi Pad 6 (Last Batch) | G50: =VLOOKUP(F50,Data!$B$140:$C$144,2,FALSE) -> Xiaomi | H50: =VLOOKUP(F50,Data!$B$140:$D$144,3,FALSE) -> 2024 | I50: =YEAR(TODAY()) - H50 -> 2 | J50: 47854/04VA00443 | L50: Maria Jade N. Delos Reyes
A51: 43 | B51: Julius N. Alano | C51: JNA | D51: NED | E51: Supervising Science Research Specialist | F51: Xiaomi Pad 6 (Last Batch) | G51: =VLOOKUP(F51,Data!$B$140:$C$144,2,FALSE) -> Xiaomi | H51: =VLOOKUP(F51,Data!$B$140:$D$144,3,FALSE) -> 2024 | I51: =YEAR(TODAY()) - H51 -> 2 | J51: 47854/04VA00171 | L51: Julius N. Alano
A52: 44 | B52: Sydney D. Requilla | C52: SDR | D52: NED | E52: Supervising Science Research Specialist | F52: Xiaomi Pad 6 (Last Batch) | G52: =VLOOKUP(F52,Data!$B$140:$C$144,2,FALSE) -> Xiaomi | H52: =VLOOKUP(F52,Data!$B$140:$D$144,3,FALSE) -> 2024 | I52: =YEAR(TODAY()) - H52 -> 2 | J52: 47854/04VA00294 | L52: Sydney D. Requilla
A53: 45 | B53: Louise Andrea B. Melquiades | C53: LABM | D53: NED | E53: Science Research Specialist II | F53: Xiaomi Pad 6 (Last Batch) | G53: =VLOOKUP(F53,Data!$B$140:$C$144,2,FALSE) -> Xiaomi | H53: =VLOOKUP(F53,Data!$B$140:$D$144,3,FALSE) -> 2024 | I53: =YEAR(TODAY()) - H53 -> 2 | J53: 47854/04VA00587
A54: 46 | B54: Angela Mae L. Concepcion | C54: AMLC | D54: NED | E54: Science Research Specialist II | F54: Xiaomi Pad 6 | G54: =VLOOKUP(F54,Data!$B$140:$C$144,2,FALSE) -> Xiaomi | H54: =VLOOKUP(F54,Data!$B$140:$D$144,3,FALSE) -> 2023 | I54: =YEAR(TODAY()) - H54 -> 3 | J54: 47780|K3WN01001 | L54: Angela Mae L. Concepcion
A55: 47 | B55: Angelu B. Bermas | C55: ABB | D55: NED | E55: Science Research Specialist II | F55: Huawei Mate Pad 11.5 | G55: =VLOOKUP(F55,Data!$B$140:$C$144,2,FALSE) -> #N/A | H55: =VLOOKUP(F55,Data!$B$140:$D$144,3,FALSE) -> #N/A | I55: =YEAR(TODAY()) - H55 -> #N/A | J55: 3GKUN24523G01464 | L55: Angelu B. Bermas
A56: 48 | B56: Cephas Olivier V. Cabatit | C56: COVC | D56: NED | E56: Science Research Specialist II | F56: Samsung Galaxy Tab | G56: =VLOOKUP(F56,Data!$B$140:$C$144,2,FALSE) -> Samsung | H56: =VLOOKUP(F56,Data!$B$140:$D$144,3,FALSE) -> 2024 | I56: =YEAR(TODAY()) - H56 -> 2 | J56: 358277321295190 | L56: Cephas Olivier V. Cabatit
A57: 49 | B57: Nikko A. Cabubas | C57: NAC | D57: NED | E57: Science Research Specialist I | G57: =VLOOKUP(F57,Data!$B$140:$C$144,2,FALSE) -> #N/A | H57: =VLOOKUP(F57,Data!$B$140:$D$144,3,FALSE) -> #N/A | I57: =YEAR(TODAY()) - H57 -> #N/A
A58: 50 | B58: Jewel R. Balon | C58: JRB | D58: NED | E58: Science Research Specialist I | F58: Huawei Mate Pad 11.5 | G58: =VLOOKUP(F58,Data!$B$140:$C$144,2,FALSE) -> #N/A | H58: =VLOOKUP(F58,Data!$B$140:$D$144,3,FALSE) -> #N/A | I58: =YEAR(TODAY()) - H58 -> #N/A
A59: 51 | B59: Andresito F. Ulgado | C59: AFU | D59: EVIMD | E59: Chief | F59: Xiaomi Pad 6 (Last Batch) | G59: =VLOOKUP(F59,Data!$B$140:$C$144,2,FALSE) -> Xiaomi | H59: =VLOOKUP(F59,Data!$B$140:$D$144,3,FALSE) -> 2024 | I59: =YEAR(TODAY()) - H59 -> 2
A60: 52 | B60: Dwane Darcy D. Cayonte | C60: DDDC | D60: EVIMD | E60: Supervising Science Research Specialist | F60: iPad | G60: =VLOOKUP(F60,Data!$B$140:$C$144,2,FALSE) -> Apple | H60: =VLOOKUP(F60,Data!$B$140:$D$144,3,FALSE) -> 2023 | I60: =YEAR(TODAY()) - H60 -> 3
A61: 53 | B61: Peter A. Sablay | C61: PAS | D61: EVIMD | E61: Senior Science Research Specialist | F61: Xiaomi Pad 6 (Last Batch) | G61: =VLOOKUP(F61,Data!$B$140:$C$144,2,FALSE) -> Xiaomi | H61: =VLOOKUP(F61,Data!$B$140:$D$144,3,FALSE) -> 2024 | I61: =YEAR(TODAY()) - H61 -> 2
A62: 54 | B62: Oliver L. Desamito | C62: OLD | D62: EVIMD | E62: Senior Science Research Specialist | F62: Xiaomi Pad 6 (Last Batch) | G62: =VLOOKUP(F62,Data!$B$140:$C$144,2,FALSE) -> Xiaomi | H62: =VLOOKUP(F62,Data!$B$140:$D$144,3,FALSE) -> 2024 | I62: =YEAR(TODAY()) - H62 -> 2
A63: 55 | B63: Dante L. Castillo | C63: DLC | D63: EVIMD | E63: Senior Science Research Specialist | G63: =VLOOKUP(F63,Data!$B$140:$C$144,2,FALSE) -> #N/A | H63: =VLOOKUP(F63,Data!$B$140:$D$144,3,FALSE) -> #N/A | I63: =YEAR(TODAY()) - H63 -> #N/A
A64: 56 | B64: Jairus Drei E. Geronimo | C64: JDEG | D64: EVIMD | E64: Science Research Specialist II | F64: Xiaomi Pad 6 (Last Batch) | G64: =VLOOKUP(F64,Data!$B$140:$C$144,2,FALSE) -> Xiaomi | H64: =VLOOKUP(F64,Data!$B$140:$D$144,3,FALSE) -> 2024 | I64: =YEAR(TODAY()) - H64 -> 2
A65: 57 | B65: Ma. April C. Fornoles | C65: MACF | D65: EVIMD | E65: Science Research Specialist II | F65: Huawei Mate Pad 11.5 | G65: =VLOOKUP(F65,Data!$B$140:$C$144,2,FALSE) -> #N/A | H65: =VLOOKUP(F65,Data!$B$140:$D$144,3,FALSE) -> #N/A | I65: =YEAR(TODAY()) - H65 -> #N/A
A66: 58 | B66: Patrick Carlo C. Andres | C66: PCCA | D66: EVIMD | E66: Science Research Specialist II | F66: Huawei Mate Pad 11.5 | G66: =VLOOKUP(F66,Data!$B$140:$C$144,2,FALSE) -> #N/A | H66: =VLOOKUP(F66,Data!$B$140:$D$144,3,FALSE) -> #N/A | I66: =YEAR(TODAY()) - H66 -> #N/A
A67: 59 | B67: Jenny C. Ramos | C67: JCR | D67: EVIMD | E67: Science Research Specialist I | F67: Huawei Mate Pad 11.5 | G67: =VLOOKUP(F67,Data!$B$140:$C$144,2,FALSE) -> #N/A | H67: =VLOOKUP(F67,Data!$B$140:$D$144,3,FALSE) -> #N/A | I67: =YEAR(TODAY()) - H67 -> #N/A
A68: 60 | B68: Justin Vincent Delarmente | C68: JVD | D68: EVIMD | E68: Science Research Specialist I | F68: Xiaomi Pad 6 (Last Batch) | G68: =VLOOKUP(F68,Data!$B$140:$C$144,2,FALSE) -> Xiaomi | H68: =VLOOKUP(F68,Data!$B$140:$D$144,3,FALSE) -> 2024 | I68: =YEAR(TODAY()) - H68 -> 2
F69: Xiaomi Pad 6 (Last Batch) | G69: =VLOOKUP(F69,Data!$B$140:$C$144,2,FALSE) -> Xiaomi | H69: =VLOOKUP(F69,Data!$B$140:$D$144,3,FALSE) -> 2024 | I69: =YEAR(TODAY()) - H69 -> 2
A70: 61 | B70: Erika F. Delos Reyes | C70: EFDR | D70: EVIMD | E70: Science Research Specialist I | F70: Huawei Mate Pad 11.5 | G70: =VLOOKUP(F70,Data!$B$140:$C$144,2,FALSE) -> #N/A | H70: =VLOOKUP(F70,Data!$B$140:$D$144,3,FALSE) -> #N/A | I70: =YEAR(TODAY()) - H70 -> #N/A
A71: 62 | B71: Raffy B. Apostol | C71: RBA | D71: EVIMD | E71: Science Research Specialist I | F71: Xiaomi Pad 6 (Last Batch) | G71: =VLOOKUP(F71,Data!$B$140:$C$144,2,FALSE) -> Xiaomi | H71: =VLOOKUP(F71,Data!$B$140:$D$144,3,FALSE) -> 2024 | I71: =YEAR(TODAY()) - H71 -> 2
A72: 63 | B72: Lourdes Maria A. Capricho | C72: LMAC | D72: AFETD | E72: Chief | G72: =VLOOKUP(F72,Data!$B$140:$C$144,2,FALSE) -> #N/A | H72: =VLOOKUP(F72,Data!$B$140:$D$144,3,FALSE) -> #N/A | I72: =YEAR(TODAY()) - H72 -> #N/A
A73: 64 | B73: Arnel Mathew C. Garcia | C73: AMCG | D73: AFETD | E73: Supervising Science Research Specialist | G73: =VLOOKUP(F73,Data!$B$140:$C$144,2,FALSE) -> #N/A | H73: =VLOOKUP(F73,Data!$B$140:$D$144,3,FALSE) -> #N/A | I73: =YEAR(TODAY()) - H73 -> #N/A
G74: Xiaomi | H74: 2025 | K74: Through LFP | L74: Niceto P. Trinidad Jr. | M74: Xiaomi Pad 7
A75: 65 | B75: Rosalie Joan D. R. Sotelo | C75: RJRDS | D75: AFETD | E75: Supervising Science Research Specialist | F75: Xiaomi Pad 6 (Last Batch) | G75: =VLOOKUP(F75,Data!$B$140:$C$144,2,FALSE) -> Xiaomi | H75: =VLOOKUP(F75,Data!$B$140:$D$144,3,FALSE) -> 2024 | I75: =YEAR(TODAY()) - H75 -> 2 | K75: Through Regular | L75: =B75 -> Rosalie Joan D. R. Sotelo
A76: 66 | B76: Alpres Russel S. Bustillo | C76: ARSB | D76: AFETD | E76: Senior Science Research Specialist | F76: Samsung Galaxy Tab | G76: =VLOOKUP(F76,Data!$B$140:$C$144,2,FALSE) -> Samsung | H76: =VLOOKUP(F76,Data!$B$140:$D$144,3,FALSE) -> 2024 | I76: =YEAR(TODAY()) - H76 -> 2 | K76: Through LFP | L76: =B76 -> Alpres Russel S. Bustillo | M76: Samsung Galaxy Tab, 2024
A77: 67 | B77: Ron Ron D. Madera | C77: RRDM | D77: AFETD | E77: Senior Science Research Specialist | F77: Xiaomi Pad 6 (Last Batch) | G77: =VLOOKUP(F77,Data!$B$140:$C$144,2,FALSE) -> Xiaomi | H77: =VLOOKUP(F77,Data!$B$140:$D$144,3,FALSE) -> 2024 | I77: =YEAR(TODAY()) - H77 -> 2 | J77: SN: 47859/04V400016 (PN: CA-NO-24-5267) | K77: Through Regular | L77: =B77 -> Ron Ron D. Madera
A78: 68 | B78: Robert Jae G. Legaspi | C78: RJGL | D78: AFETD | E78: Senior Science Research Specialist | F78: Samsung Galaxy Tab | G78: =VLOOKUP(F78,Data!$B$140:$C$144,2,FALSE) -> Samsung | H78: =VLOOKUP(F78,Data!$B$140:$D$144,3,FALSE) -> 2024 | I78: =YEAR(TODAY()) - H78 -> 2 | K78: Through LFP | L78: =B78 -> Robert Jae G. Legaspi | M78: Samsung Galaxy Tab, 2024
A79: 69 | B79: Ashley F. Rivera | C79: AFR | D79: AFETD | E79: Senior Science Research Specialist | F79: Xiaomi Pad 6 (Last Batch) | G79: =VLOOKUP(F79,Data!$B$140:$C$144,2,FALSE) -> Xiaomi | H79: =VLOOKUP(F79,Data!$B$140:$D$144,3,FALSE) -> 2024 | I79: =YEAR(TODAY()) - H79 -> 2 | K79: Through Regular | L79: =B79 -> Ashley F. Rivera
G80: Xiaomi | H80: 2025 | J80: 62779/05QD00056 | K80: Through LFP | L80: Ewan Mary Rose Galagala | M80: Xiaomi Pad 7
A81: 70 | B81: Lianne Bea Y. Jaca | C81: LBYJ | D81: AFETD | E81: Senior Science Research Specialist | F81: Samsung Galaxy Tab | G81: =VLOOKUP(F81,Data!$B$140:$C$144,2,FALSE) -> Samsung | H81: =VLOOKUP(F81,Data!$B$140:$D$144,3,FALSE) -> 2024 | I81: =YEAR(TODAY()) - H81 -> 2 | K81: Through LFP | L81: =B81 -> Lianne Bea Y. Jaca | M81: Samsung Galaxy Tab SM-X716B, 2024
A82: 71 | B82: Jorge Vincent R. Bitoon | C82: JVRB | D82: EPSMD | E82: Supervising Science Research Specialist | G82: =VLOOKUP(F82,Data!$B$140:$C$144,2,FALSE) -> #N/A | H82: =VLOOKUP(F82,Data!$B$140:$D$144,3,FALSE) -> #N/A | I82: =YEAR(TODAY()) - H82 -> #N/A
A83: 72 | B83: John Jomari M. Garcia | C83: JJMG | D83: AFETD | E83: Science Research Specialist II | G83: =VLOOKUP(F83,Data!$B$140:$C$144,2,FALSE) -> #N/A | H83: =VLOOKUP(F83,Data!$B$140:$D$144,3,FALSE) -> #N/A | I83: =YEAR(TODAY()) - H83 -> #N/A
A84: 73 | B84: Charmaine Pearl L. Aquino | C84: CPLA | D84: AFETD | E84: Science Research Specialist II | F84: Xiaomi Pad 6 (Last Batch) | G84: =VLOOKUP(F84,Data!$B$140:$C$144,2,FALSE) -> Xiaomi | H84: =VLOOKUP(F84,Data!$B$140:$D$144,3,FALSE) -> 2024 | I84: =YEAR(TODAY()) - H84 -> 2 | K84: Through Regular | L84: =B84 -> Charmaine Pearl L. Aquino
A85: 74 | B85: Winston Rod R. Nicodemus | C85: WRRN | D85: AFETD | E85: Science Research Specialist II | F85: Samsung Galaxy Tab | G85: =VLOOKUP(F85,Data!$B$140:$C$144,2,FALSE) -> Samsung | H85: =VLOOKUP(F85,Data!$B$140:$D$144,3,FALSE) -> 2024 | I85: =YEAR(TODAY()) - H85 -> 2 | K85: Through LFP | L85: =B85 -> Winston Rod R. Nicodemus | M85: Samsung Galaxy Tab, 2024
A86: 75 | B86: Karoline P. De Vera | C86: KPDV | D86: AFETD | E86: Science Research Specialist II | F86: Xiaomi Pad 6 (Last Batch) | G86: =VLOOKUP(F86,Data!$B$140:$C$144,2,FALSE) -> Xiaomi | H86: =VLOOKUP(F86,Data!$B$140:$D$144,3,FALSE) -> 2024 | I86: =YEAR(TODAY()) - H86 -> 2 | J86: 47859/04V400107 | K86: Through Regular | L86: =B86 -> Karoline P. De Vera
A87: 76 | B87: Anne Manette D. Jimenez | C87: AMDJ | D87: AFETD | E87: Science Research Specialist I | F87: Xiaomi Pad 6 (Last Batch) | G87: =VLOOKUP(F87,Data!$B$140:$C$144,2,FALSE) -> Xiaomi | H87: =VLOOKUP(F87,Data!$B$140:$D$144,3,FALSE) -> 2024 | I87: =YEAR(TODAY()) - H87 -> 2 | K87: Through Regular | L87: =B87 -> Anne Manette D. Jimenez
A88: 77 | B88: Solomon C. Shekatkar | C88: SCS | D88: AFETD | E88: Science Research Specialist I | G88: =VLOOKUP(F88,Data!$B$140:$C$144,2,FALSE) -> #N/A | H88: =VLOOKUP(F88,Data!$B$140:$D$144,3,FALSE) -> #N/A | I88: =YEAR(TODAY()) - H88 -> #N/A
A89: 78 | B89: Maureen C. Mendoza | C89: MCM | D89: AFETD | E89: Administrative Assistant VI | G89: Xiaomi | H89: 2025 | I89: =YEAR(TODAY()) - H89 -> 1 | L89: Maureen C. Mendoza | M89: Xiaomi Pad 7
A90: 79 | B90: Patrick T. Aquino, CESO III | C90: DPTA | D90: OD | E90: Director | G90: =VLOOKUP(F90,Data!$B$140:$C$144,2,FALSE) -> #N/A | H90: =VLOOKUP(F90,Data!$B$140:$D$144,3,FALSE) -> #N/A | I90: =YEAR(TODAY()) - H90 -> #N/A
A91: 80 | B91: Lana Rose A. Manaligod | C91: ADLRAM | D91: OD | E91: Assistant Director | G91: =VLOOKUP(F91,Data!$B$140:$C$144,2,FALSE) -> #N/A | H91: =VLOOKUP(F91,Data!$B$140:$D$144,3,FALSE) -> #N/A | I91: =YEAR(TODAY()) - H91 -> #N/A
A92: 81 | B92: Anita Lourdes P. Ornillo | C92: ALPO | D92: OD | E92: Executive Assistant | G92: =VLOOKUP(F92,Data!$B$140:$C$144,2,FALSE) -> #N/A | H92: =VLOOKUP(F92,Data!$B$140:$D$144,3,FALSE) -> #N/A | I92: =YEAR(TODAY()) - H92 -> #N/A
A93: 82 | B93: Luzviminda P. Leonido | C93: LPL | D93: OD | E93: Administrative Assistant VI | G93: =VLOOKUP(F93,Data!$B$140:$C$144,2,FALSE) -> #N/A | H93: =VLOOKUP(F93,Data!$B$140:$D$144,3,FALSE) -> #N/A | I93: =YEAR(TODAY()) - H93 -> #N/A
A94: 83 | B94: Camilo B. Dadia | C94: CBD | D94: OD | E94: Administrative Aide II | G94: =VLOOKUP(F94,Data!$B$140:$C$144,2,FALSE) -> #N/A | H94: =VLOOKUP(F94,Data!$B$140:$D$144,3,FALSE) -> #N/A | I94: =YEAR(TODAY()) - H94 -> #N/A
G95: =VLOOKUP(F95,Data!$B$140:$C$143,2,FALSE) -> #N/A

Sheet Drone
A1: No. | B1: Full Name | C1: Initials | D1: Division | E1: Position | F1: Model | G1: Brand | H1: Year Acquired/ Transferred | I1: Years in service | J1: Serial Number | K1: Method of Procurement | L1: Current Custodian | M1: Remarks
A2: 1 | B2: Editha T. Ramos | C2: ETR | D2: EPRED | E2: Chief
A3: 2 | B3: Roselle L. Ibuna | C3: RLI | D3: EPRED | E3: OIC-Supervising Science Research Specialist
A4: 3 | B4: Joan C. Escalona | C4: JCE | D4: EPRED | E4: Supervising Science Research Specialist
A5: 4 | B5: Eleanor R. Hainto | C5: ERH | D5: EPRED | E5: Science Research Specialist II
A6: 5 | B6: Steven Ivan G. Caiña | C6: SIGC | D6: EPRED | E6: Science Research Specialist II
A7: 6 | B7: Aaron R. Premacio | C7: ARP | D7: EPRED | E7: Science Research Specialist II
A8: 7 | B8: Celedonio Tiu Salle | C8: CTS | D8: EPRED | E8: Science Research Specialist II
A9: 8 | B9: Erwin-Lou D. Peregrino | C9: EDP | D9: EPRED | E9: Science Research Specialist II
A10: 9 | B10: Catherine C. Cadiz | C10: CCC | D10: EPRED | E10: Science Research Specialist II
A11: 10 | B11: Chesca Mie A. Gaduyon | C11: CMAG | D11: EPRED | E11: Science Research Specialist II
A12: 11 | B12: Marienelle S. Santos | C12: MSS | D12: EPRED | E12: Science Research Specialist II
A13: 12 | B13: Daniel Vincent P. De Guzman | C13: DVDG | D13: EPRED | E13: Science Research Specialist II
... A27: 26 | B27: Mary Grace Q. Razonable | C27: MGQR | D27: EPMPD | E27: Science Research Specialist I
A28: 27 | B28: Hans Christer A. Arcilla | C28: HCAA | D28: EPMPD | E28: Science Research Specialist I | F28: AIR 39 | G28: DJI | H28: 2025 | I28: 1 | J28: 1581F895C25180079N4M | L28: Daniel Collin G. Jornales
A29: 27 | B29: Mark Jezekiah O. Abalos | C29: MJOA | D29: EPMPD | E29: Science Research Specialist I
A30: 28 | B30: Marivic P. Pajarillo | C30: MPP | D30: EPMPD | E30: Administrative III
A31: 29 | B31: Jimwel B. Balunday | C31: JBB | D31: EPSMD | E31: Chief
A32: 30 | B32: Cynthia P.J Mañalac | C32: CPJM | D32: EPSMD | E32: Supervising SRS
A33: 31 | B33: Anabel M. Elmaga | C33: AME | D33: EPSMD | E33: SR. SRS
A34: 32 | B34: Victorino Getalado Jr. | C34: VGJ | D34: EPSMD | E34: SR. SRS
A35: 33 | B35: Marc M. Martinez | C35: MMM | D35: EPSMD | E35: SR. SRS
A36: 34 | B36: Sir Roland C. Basco | C36: SRCB | D36: EPSMD | E36: SR. SRS
A37: 35 | B37: Raziel Angela Lizardo | C37: RAL | D37: EPSMD | E37: SRS II
A38: 36 | B38: Dorella Maye T. Perlas | C38: DMTP | D38: EPSMD | E38: SRS II
A39: 37 | B39: John Levi M. Mecca | C39: JLMM | D39: EPSMD | E39: SRS II
A40: 38 | B40: Ingrid Faye P. Calayag | C40: IFPC | D40: EPSMD | E40: SRS II
... A88: 86 | B88: Camilo B. Dadia | C88: CBD | D88: OD | E88: Administrative Aide II

Sheet Camera
A1: No. | B1: Full Name | C1: Initials | D1: Division | E1: Position | F1: Model | G1: Brand | H1: Year Acquired/ Transferred | I1: Years in service | J1: Serial Number | K1: Method of Procurement | L1: Current Custodian | M1: Remarks
A2: 1 | B2: Editha T. Ramos | C2: ETR | D2: EPRED | E2: Chief
A3: 2 | B3: Roselle L. Ibuna | C3: RLI | D3: EPRED | E3: OIC-Supervising Science Research Specialist | F3: GoPro Hero 12 Black Creator | G3: =VLOOKUP(F3,Data!$B$147:$D$147,2,FALSE) -> GoPro | H3: =VLOOKUP(F3,Data!$B$147:$D$147,3,FALSE) -> 2024 | I3: =YEAR(TODAY()) - H3 -> 2 | J3: C3501325501968 | L3: Roselle L. Ibuna
A4: 3 | B4: Joan C. Escalona | C4: JCE | D4: EPRED | E4: Supervising Science Research Specialist | F4: GoPro Hero 12 Black Creator | G4: =VLOOKUP(F4,Data!$B$147:$D$147,2,FALSE) -> GoPro | H4: =VLOOKUP(F4,Data!$B$147:$D$147,3,FALSE) -> 2024 | I4: =YEAR(TODAY()) - H4 -> 2 | J4: C3501325493124 | L4: Joan C. Escalona
A5: 4 | B5: Eleanor R. Hainto | C5: ERH | D5: EPRED | E5: Science Research Specialist II
A6: 5 | B6: Steven Ivan G. Caiña | C6: SIGC | D6: EPRED | E6: Science Research Specialist II | F6: GoPro Hero 12 Black Creator | G6: =VLOOKUP(F6,Data!$B$147:$D$147,2,FALSE) -> GoPro | H6: =VLOOKUP(F6,Data!$B$147:$D$147,3,FALSE) -> 2024 | I6: =YEAR(TODAY()) - H6 -> 2 | J6: C3501325491236 | L6: Steven Ivan G. Caiña
F7: GoPro | G7: GoPro | H7: 2023 | I7: =YEAR(TODAY()) - H7 -> 3 | L7: Steven Ivan G. Caiña
F8: GoPro | G8: GoPro | H8: 2023 | I8: =YEAR(TODAY()) - H8 -> 3 | L8: Steven Ivan G. Caiña
F9: Profesional Camera | G9: Nikon | L9: Steven Ivan G. Caiña
F10: Drone | L10: Steven Ivan G. Caiña
A11: 6 | B11: Aaron R. Premacio | C11: ARP | D11: EPRED | E11: Science Research Specialist II
A12: 7 | B12: Celedonio Tiu Salle | C12: CTS | D12: EPRED | E12: Science Research Specialist II | F12: GoPro Hero 12 Black Creator | G12: =VLOOKUP(F12,Data!$B$147:$D$147,2,FALSE) -> GoPro | H12: =VLOOKUP(F12,Data!$B$147:$D$147,3,FALSE) -> 2024 | I12: =YEAR(TODAY()) - H12 -> 2 | J12: C3501325491957 | L12: Celedonio Tiu Salle
A13: 8 | B13: Erwin-Lou D. Peregrino | C13: EDP | D13: EPRED | E13: Science Research Specialist II
A14: 9 | B14: Catherine C. Cadiz | C14: CCC | D14: EPRED | E14: Science Research Specialist II
A15: 10 | B15: Chesca Mie A. Gaduyon | C15: CMAG | D15: EPRED | E15: Science Research Specialist II | F15: GoPro Hero 12 Black Creator | G15: =VLOOKUP(F15,Data!$B$147:$D$147,2,FALSE) -> GoPro | H15: =VLOOKUP(F15,Data!$B$147:$D$147,3,FALSE) -> 2024 | I15: =YEAR(TODAY()) - H15 -> 2 | J15: C3501325503702 | L15: Chesca Mie A. Gaduyon
A16: 11 | B16: Marienelle S. Santos | C16: MSS | D16: EPRED | E16: Science Research Specialist II
A17: 12 | B17: Daniel Vincent P. De Guzman | C17: DVDG | D17: EPRED | E17: Science Research Specialist II
A18: 13 | B18: Rodger C. Pascual | C18: RCP | D18: EPRED | E18: Science Research Specialist I | F18: Profesional Camera | G18: Canon
A19: 14 | B19: Chester Syrill J. De Castro | C19: CSJDC | D19: EPRED | E19: Science Research Specialist I | F19: GoPro Hero 12 Black Creator | G19: =VLOOKUP(F19,Data!$B$147:$D$147,2,FALSE) -> GoPro | H19: =VLOOKUP(F19,Data!$B$147:$D$147,3,FALSE) -> 2024 | I19: =YEAR(TODAY()) - H19 -> 2 | J19: C3501325475208 | L19: Chester Syrill J. De Castro
A20: 15 | B20: Marvin B. Bahia | C20: MBB | D20: EPRED | E20: Science Research Specialist I
A21: 16 | B21: Christine Joy M. Lamzon | C21: CJML | D21: EPRED | E21: Administrative Aide VI
A22: 17 | B22: Daniel Collin G. Jornales | C22: DCGJ | D22: EPMPD | E22: Chief Science Research Specialist
A23: 18 | B23: Christian Harris T. Hernaez | C23: CHTH | D23: EPMPD | E23: OIC Supervising Science Research Specialist
A24: 19 | B24: Dave Angelo T. Cabalteja | C24: DATC | D24: EPMPD | E24: Science Research Specialist II
A25: 20 | B25: Vittorio Leif Ericson J. Santos | C25: VLEJS | D25: EPMPD | E25: Science Research Specialist II | F25: GoPro Hero 12 Black Creator | G25: =VLOOKUP(F25,Data!$B$147:$D$147,2,FALSE) -> GoPro | H25: =VLOOKUP(F25,Data!$B$147:$D$147,3,FALSE) -> 2024 | I25: =YEAR(TODAY()) - H25 -> 2 | J25: C3501325510598
F26: GoPro Hero 12 Black Creator | G26: =VLOOKUP(F26,Data!$B$147:$D$147,2,FALSE) -> GoPro | H26: =VLOOKUP(F26,Data!$B$147:$D$147,3,FALSE) -> 2024 | I26: =YEAR(TODAY()) - H26 -> 2 | J26: C3501325579869
F27: GoPro Hero 12 Black Creator | G27: =VLOOKUP(F27,Data!$B$147:$D$147,2,FALSE) -> GoPro | H27: =VLOOKUP(F27,Data!$B$147:$D$147,3,FALSE) -> 2024 | I27: =YEAR(TODAY()) - H27 -> 2 | J27: C3501325478311
A28: 21 | B28: Mary Mae C. Hernandez | C28: MMCH | D28: EPMPD | E28: Science Research Specialist II
A29: 22 | B29: Mark Jezekiah O. Abalos | C29: MJOA | D29: EPMPD | E29: Science Research Specialist I
A30: 23 | B30: Marivic P. Pajarillo | C30: MPP | D30: EPMPD | E30: Administrative III
B31: Dorella Maye T. Perlas | C31: DMTP | D31: EPMPD | E31: SR. SRS | F31: BODY MOUNTED ACTION CAMERA (PPE) - HERO 12 | G31: GoPro | H31: 2025 | J31: C3501325723591
F32: PROFESSIONAL CAMERA WITH LENS | G32: ALPHA A7R V BODY | H32: 2025 | J32: S013256871I
A33: 24 | B33: Hans Christer A. Arcilla | C33: HCAA | D33: EPMPD | E33: Science Research Specialist I | F33: BODY MOUNTED ACTION CAMERA (PPE) - HERO 12 | G33: GoPro | H33: 2025 | J33: C3501325801224 | L33: Jayvie A. Gaya
F34: PROFESSIONAL CAMERA WITH LENS | G34: ALPHA A7R V BODY | H34: 2025 | J34: S013256855K
A35: 24 | B35: Jimwel B. Balunday | C35: JBB | D35: EPSMD | E35: Chief | F35: GoPro Hero 12 Black Creator | G35: =VLOOKUP(F35,Data!$B$147:$D$147,2,FALSE) -> GoPro | H35: =VLOOKUP(F35,Data!$B$147:$D$147,3,FALSE) -> 2024 | I35: =YEAR(TODAY()) - H35 -> 2 | J35: C3501325480083
F36: GoPro Hero 12 Black Creator | G36: =VLOOKUP(F36,Data!$B$147:$D$147,2,FALSE) -> GoPro | H36: =VLOOKUP(F36,Data!$B$147:$D$147,3,FALSE) -> 2024 | I36: =YEAR(TODAY()) - H36 -> 2 | J36: C3501325504432
F37: GoPro Hero 12 Black Creator | G37: =VLOOKUP(F37,Data!$B$147:$D$147,2,FALSE) -> GoPro | H37: =VLOOKUP(F37,Data!$B$147:$D$147,3,FALSE) -> 2024 | I37: =YEAR(TODAY()) - H37 -> 2 | J37: C3501325592818
A38: 23 | B38: Cynthia P.J Mañalac | C38: CPJM | D38: EPSMD | E38: Supervising SRS
A39: 24 | B39: Anabel M. Elmaga | C39: AME | D39: EPSMD | E39: SR. SRS
A40: 25 | B40: Victorino Getalado Jr. | C40: VGJ | D40: EPSMD | E40: SR. SRS
A41: 26 | B41: Marc M. Martinez | C41: MMM | D41: EPSMD | E41: SR. SRS
A42: 27 | B42: Sir Roland C. Basco | C42: SRCB | D42: EPSMD | E42: SR. SRS
A43: 28 | B43: Raziel Angela Lizardo | C43: RAL | D43: EPSMD | E43: SRS II
A44: 29 | B44: Dorella Maye T. Perlas | C44: DMTP | D44: EPMPD | E44: SR. SRS
A45: 30 | B45: John Levi M. Mecca | C45: JLMM | D45: EPSMD | E45: SRS II
A46: 31 | B46: Ingrid Faye P. Calayag | C46: IFPC | D46: EPSMD | E46: SRS II
A47: 32 | B47: Arnel Angelo P. Revilla | C47: AAPR | D47: EPSMD | E47: SRS I
A48: 33 | B48: Angela Maureen Panapanaan | C48: AMP | D48: EPSMD | E48: SRS I
A49: 34 | B49: Aira D. Baluyut | C49: ADB | D49: EPSMD | E49: SRS I
... A94: 79 | B94: Camilo B. Dadia | C94: CBD | D94: OD | E94: Administrative Aide II

Sheet Printer
A1: No. | B1: Division | C1: Model | D1: Brand | E1: Year Acquired/ Transferred | F1: Years in service | G1: Serial Number | H1: Method of Procurement | I1: Current Custodian | J1: Remarks
A2: 1 | B2: EPRED | C2: Color Lazer Jet Pro MFP M479fnw | D2: =VLOOKUP(C2,Data!B:C,2,FALSE) -> HP | J2: For RTS
A3: 2 | B3: EPRED | C3: Color Lazer Jet Enterprise MFP M681 | D3: =VLOOKUP(C3,Data!B:C,2,FALSE) -> HP
A4: 3 | B4: EPRED | C4: ECOYS M5526cdw | D4: =VLOOKUP(C4,Data!B:C,2,FALSE) -> KYOCERA
A5: 4 | B5: EPSMD | C5: LazerJet Pro 200 color M251n | D5: =VLOOKUP(C5,Data!B:C,2,FALSE) -> HP
A6: 5 | B6: EPSMD | C6: Color Lazer Jet Pro MFP M479fnw | D6: =VLOOKUP(C6,Data!B:C,2,FALSE) -> HP
A7: 6 | B7: EPSMD | C7: Color Lazer Jet Pro MFP M479fnw | D7: =VLOOKUP(C7,Data!B:C,2,FALSE) -> HP
A8: 7 | B8: EPSMD | C8: ECOYS M5526cdw | D8: =VLOOKUP(C8,Data!B:C,2,FALSE) -> KYOCERA
A9: 8 | B9: EPSMD | C9: WF-C579R | D9: =VLOOKUP(C9,Data!B:C,2,FALSE) -> EPSON
A10: 9 | B10: EPMPD | C10: 6053ci | D10: =VLOOKUP(C10,Data!B:C,2,FALSE) -> KYOCERA
A11: 10 | B11: AFETD | C11: L5290 | D11: =VLOOKUP(C11,Data!B:C,2,FALSE) -> EPSON
A12: 11 | B12: AFETD | C12: MFC-J3540DW | D12: =VLOOKUP(C12,Data!B:C,2,FALSE) -> BROTHER
A13: 12 | B13: EVIMD | C13: L5290 | D13: =VLOOKUP(C13,Data!B:C,2,FALSE) -> EPSON
A14: 13 | B14: EVIMD | C14: MFC-L8900CDW | D14: =VLOOKUP(C14,Data!B:C,2,FALSE) -> BROTHER
... A16: 15 | B16: NED | C16: ECOYS M5526cdw | D16: =VLOOKUP(C16,Data!B:C,2,FALSE) -> KYOCERA

Sheet Sheet1
L2: REPLACEMENT FOR 2026
B3: EUMB ICT SUMMARY 2025 | H3: EUMB ICT SUMMARY 2025 | L3: DIVISIONS | M3: REGULAR | Y3: LOCALLY FUNDED
B4: LAPTOP | H4: LAPTOP | M4: LAPTOP | P4: TABLET 1 | S4: TABLET 2 | V4: PRINTER 1 | Y4: LAPTOP | AB4: TABLET 1 | AE4: PRINTER 1 | AH4: PRINTER 2
B5: DIVISION | C5: 3 YEARS & BELOW | D5: ABOVE 3 YEARS | E5: FOR RELACEMENT | F5: TOTAL | H5: DIVISION | I5: INVENTORY | M5: Request | N5: Unit Cost | O5: Total | P5: Request | Q5: Unit Cost | R5: Total | S5: Request | T5: Unit Cost | U5: Total | V5: Request | W5: Unit Cost | X5: Total | Y5: Request | Z5: Unit Cost | AA5: Total | AB5: Request | AC5: Unit Cost | AD5: Total | AE5: Request | AF5: Unit Cost | AG5: Total | AH5: Request | AI5: Unit Cost | AJ5: Total
B6: EPRED | C6: 12 | D6: 8 | E6: =D6 -> 8 | F6: =C6+D6 -> 20 | H6: EPRED | I6: 20 | L6: EPRED | N6: 160000 | O6: =M6*N6 -> 0 | Q6: 90000 | R6: =P6*Q6 -> 0 | T6: 140000 | U6: =S6*T6 -> 0 | W6: 60000 | X6: =V6*W6 -> 0 | Y6: 3 | Z6: 160000 | AA6: =Y6*Z6 -> 480000 | AC6: 90000 | AD6: =AB6*AC6 -> 0 | AE6: 2 | AF6: 30000 | AG6: =AE6*AF6 -> 60000 | AH6: 1 | AI6: 60000 | AJ6: =AH6*AI6 -> 60000
B7: EPSMD | C7: 14 | D7: 6 | E7: 6 | F7: =C7+D7 -> 20 | H7: EPSMD | I7: 20 | L7: EPSMD | N7: 160000 | O7: =M7*N7 -> 0 | Q7: 90000 | R7: =P7*Q7 -> 0 | T7: 140000 | U7: =S7*T7 -> 0 | W7: 60000 | X7: =V7*W7 -> 0 | Y7: 3 | Z7: 160000 | AA7: =Y7*Z7 -> 480000 | AC7: 90000 | AD7: =AB7*AC7 -> 0 | AE7: 3 | AF7: 30000 | AG7: =AE7*AF7 -> 90000 | AH7: 2 | AI7: 60000 | AJ7: =AH7*AI7 -> 120000
B8: EPMPD | C8: 13 | D8: 8 | E8: 11 | F8: =C8+D8 -> 21 | H8: EPMPD | I8: 21 | L8: EPMPD | N8: 160000 | O8: =M8*N8 -> 0 | Q8: 90000 | R8: =P8*Q8 -> 0 | T8: 140000 | U8: =S8*T8 -> 0 | W8: 60000 | X8: =V8*W8 -> 0 | Y8: 3 | Z8: 160000 | AA8: =Y8*Z8 -> 480000 | AB8: 7 | AC8: 90000 | AD8: =AB8*AC8 -> 630000 | AF8: 30000 | AG8: =AE8*AF8 -> 0 | AI8: 60000 | AJ8: =AH8*AI8 -> 0
B9: AFETD | C9: 31 | D9: 8 | E9: 8 | F9: =C9+D9 -> 39 | H9: AFETD | I9: 39 | L9: AFETD | N9: 160000 | O9: =M9*N9 -> 0 | Q9: 90000 | R9: =P9*Q9 -> 0 | T9: 140000 | U9: =S9*T9 -> 0 | W9: 60000 | X9: =V9*W9 -> 0 | Z9: 160000 | AA9: =Y9*Z9 -> 0 | AB9: 4 | AC9: 90000 | AD9: =AB9*AC9 -> 360000 | AE9: 2 | AF9: 30000 | AG9: =AE9*AF9 -> 60000 | AI9: 60000 | AJ9: =AH9*AI9 -> 0
B10: EVIMD | C10: 12 | D10: 5 | E10: 5 | F10: =C10+D10 -> 17 | H10: EVIMD | I10: 17 | L10: EVIMD | M10: 1 | N10: 160000 | O10: =M10*N10 -> 160000 | P10: 6 | Q10: 90000 | R10: =P10*Q10 -> 540000 | T10: 140000 | U10: =S10*T10 -> 0 | V10: 1 | W10: 60000 | X10: =V10*W10 -> 60000 | Z10: 160000 | AA10: =Y10*Z10 -> 0 | AC10: 90000 | AD10: =AB10*AC10 -> 0 | AF10: 30000 | AG10: =AE10*AF10 -> 0 | AI10: 60000 | AJ10: =AH10*AI10 -> 0
B11: NED | C11: 11 | D11: 2 | E11: 1 | F11: =C11+D11 -> 13 | H11: NED | I11: 13 | L11: NED | M11: 12 | N11: 160000 | O11: =M11*N11 -> 1920000 | Q11: 90000 | R11: =P11*Q11 -> 0 | S11: 12 | T11: 140000 | U11: =S11*T11 -> 1680000 | V11: 2 | W11: 60000 | X11: =V11*W11 -> 120000 | Z11: 160000 | AA11: =Y11*Z11 -> 0 | AB11: 12 | AC11: 90000 | AD11: =AB11*AC11 -> 1080000 | AE11: 2 | AF11: 30000 | AG11: =AE11*AF11 -> 60000 | AH11: 1 | AI11: 60000 | AJ11: =AH11*AI11 -> 60000
E12: =SUM(E6:E11) -> 39 | F12: =SUM(F6:F11) -> 130 | I12: =SUM(I6:I11) -> 130
B13: TABLET | H13: TABLET
B14: DIVISION | C14: 3 YEARS & BELOW | D14: ABOVE 3 YEARS | E14: FOR RELACEMENT | F14: TOTAL | H14: DIVISION | I14: INVENTORY
B15: EPRED | C15: 20 | F15: =C15+D15 -> 20 | H15: EPRED | I15: 20
B16: EPSMD | C16: =COUNTIF(Tablet!F28:F36,"<>") -> 9 | F16: =C16+D16 -> 9 | H16: EPSMD | I16: 11
B17: EPMPD | C17: =COUNTIF(Tablet!F28:F36,"<>") -> 9 | F17: =C17+D17 -> 9 | H17: EPMPD | I17: 11
B18: AFETD | C18: 12 | F18: =C18+D18 -> 12 | H18: AFETD | I18: 12
B19: EVIMD | C19: 12 | F19: =C19+D19 -> 12 | H19: EVIMD | I19: 12
B20: NED | C20: =COUNTIF(Tablet!F50:F58,"<>") -> 8 | F20: =C20+D20 -> 8 | H20: NED | I20: 8
E21: =SUM(E15:E20) -> 0 | F21: =SUM(F15:F20) -> 70 | I21: =SUM(I15:I20) -> 74
B22: PRINTER | H22: PRINTER
B23: DIVISION | C23: 3 YEARS & BELOW | D23: ABOVE 3 YEARS | E23: FOR RELACEMENT | F23: TOTAL | H23: DIVISION | I23: INVENTORY
B24: EPRED | D24: 3 | E24: 3 | F24: =C24+D24 -> 3 | H24: EPRED | I24: 3
B25: EPSMD | D25: 5 | E25: 5 | F25: =C25+D25 -> 5 | H25: EPSMD | I25: 5
B26: EPMPD | C26: 1 | F26: =C26+D26 -> 1 | H26: EPMPD | I26: 1
B27: AFETD | D27: 2 | E27: 2 | F27: =C27+D27 -> 2 | H27: AFETD | I27: 2
B28: EVIMD | C28: 2 | F28: =C28+D28 -> 2 | H28: EVIMD | I28: 2
B29: NED | C29: 1 | D29: 1 | E29: 1 | F29: =C29+D29 -> 2 | H29: NED | I29: 2
E30: =SUM(E24:E29) -> 11 | F30: =SUM(F24:F29) -> 15 | I30: =SUM(I28:I29) -> 4

Sheet Data
A1: No. | B1: Full Name | C1: Initials | D1: Division | E1: Position | F1: Plantilla
A2: 1 | B2: Editha T. Ramos | C2: ETR | D2: EPRED | E2: Chief Science Research Specialist | F2: Regular
A3: 2 | B3: Roselle L. Ibuna | C3: RLI | D3: EPRED | E3: OIC-Supervising Science Research Specialist | F3: Regular
A4: 3 | B4: Joan C. Escalona | C4: JCE | D4: EPRED | E4: Supervising Science Research Specialist | F4: Regular
A5: 4 | B5: Steven Ivan G. Caiña | C5: SIGC | D5: EPRED | E5: OIC-Supervising Science Research Specialist | F5: Regular
A6: 5 | B6: Aaron R. Premacio | C6: ARP | D6: EPRED | E6: Senior Science Research Specialist | F6: Regular
A7: 6 | B7: Celedonio Tiu Salle | C7: CTS | D7: EPRED | E7: Senior Science Research Specialist | F7: Regular
A8: 7 | B8: Erwin-Lou D. Peregrino | C8: EDP | D8: EPRED | E8: Senior Science Research Specialist | F8: Regular
A9: 8 | B9: Catherine C. Cadiz | C9: CCC | D9: EPRED | E9: Science Research Specialist II | F9: Regular
A10: 9 | B10: Chesca Mie A. Gaduyon | C10: CMAG | D10: EPRED | E10: Science Research Specialist II | F10: Regular
A11: 10 | B11: Marienelle S. Santos | C11: MSS | D11: EPRED | E11: Science Research Specialist II | F11: Regular
A12: 11 | B12: Daniel Vincent P. De Guzman | C12: DVDG | D12: EPRED | E12: Science Research Specialist II | F12: Regular
A13: 12 | B13: Von Jari A. Anievas | C13: VJA | D13: EPRED | E13: Science Research Specialist I | F13: Regular
... A53: 51 | B53: Jewel R. Balon | C53: JRB | D53: NED | E53: Science Research Specialist I | F53: Regular
A54: 52 | B54: Andresito F. Ulgado | C54: AFU | D54: EVIMD | E54: OIC Chief
A55: 53 | B55: Andre Luis D. Reyes | C55: ALDR | D55: EVIMD | E55: Supervising Science Research Specialist
A56: 54 | B56: Dwane Darcy D. Cayonte | C56: DDDC | D56: EVIMD | E56: Supervising Science Research Specialist
A57: 55 | B57: Peter A. Sablay | C57: PAS | D57: EVIMD | E57: Senior Science Research Specialist
A58: 56 | B58: Oliver L. Desamito | C58: OLD | D58: EVIMD | E58: Senior Science Research Specialist
A59: 57 | B59: Dante L. Castillo | C59: DLC | D59: EVIMD | E59: Senior Science Research Specialist
A60: 58 | B60: Jairus Drei E. Geronimo | C60: JDEG | D60: EVIMD | E60: Science Research Specialist II
A61: 59 | B61: Ma. April C. Fornoles | C61: MACF | D61: EVIMD | E61: Science Research Specialist II
A62: 60 | B62: Patrick Carlo C. Andres | C62: PCCA | D62: EVIMD | E62: Science Research Specialist II
A63: 61 | B63: Jenny C. Ramos | C63: JCR | D63: EVIMD | E63: Science Research Specialist I
A64: 62 | B64: Justin Vincent Delarmente | C64: JVD | D64: EVIMD | E64: Science Research Specialist I
A65: 63 | B65: Erika F. Delos Reyes | C65: EFDR | D65: EVIMD | E65: Science Research Specialist I
A66: 64 | B66: Raffy B. Apostol | C66: RBA | D66: EVIMD | E66: Science Research Specialist I
A67: 65 | B67: Lourdes Maria A. Capricho | C67: LMAC | D67: AFETD | E67: Chief | F67: Regular
A68: 66 | B68: Arnel Mathew C. Garcia | C68: AMCG | D68: AFETD | E68: Supervising Science Research Specialist | F68: Regular
A69: 67 | B69: Rosalie Joan D. R. Sotelo | C69: RJRDS | D69: AFETD | E69: Supervising Science Research Specialist | F69: Regular
A70: 68 | B70: Alpres Russel S. Bustillo | C70: ARSB | D70: AFETD | E70: Senior Science Research Specialist | F70: Regular
A71: 69 | B71: Ron Ron D. Madera | C71: RRDM | D71: AFETD | E71: Senior Science Research Specialist | F71: Regular
A72: 70 | B72: Robert Jae G. Legaspi | C72: RJGL | D72: AFETD | E72: Senior Science Research Specialist | F72: Regular
A73: 71 | B73: Ashley F. Rivera | C73: AFR | D73: AFETD | E73: Senior Science Research Specialist | F73: Regular
A74: 72 | B74: Lianne Bea Y. Jaca | C74: LBYJ | D74: AFETD | E74: Senior Science Research Specialist | F74: Regular
A75: 73 | B75: Jorge Vincent R. Bitoon | C75: JVRB | D75: AFETD | E75: Senior Science Research Specialist | F75: Regular
A76: 74 | B76: John Jomari M. Garcia | C76: JJMG | D76: AFETD | E76: Science Research Specialist II | F76: Regular
A77: 75 | B77: Charmaine Pearl L. Aquino | C77: CPLA | D77: AFETD | E77: Science Research Specialist II | F77: Regular
A78: 76 | B78: Winston Rod R. Nicodemus | C78: WRRN | D78: AFETD | E78: Science Research Specialist II | F78: Regular
... A116: 30 | B116: Vic Anthony P. Cariola | C116: VAPC | D116: AFETD | E116: Project Support Staff | F116: Outsourced
B120: Laptops
B121: Model | C121: Brand | D121: Year Acquired | F121: Action / Remarks
B122: Standard | C122: Acer | D122: 2019 | F122: For Transfer
B123: TUF | C123: Asus | D123: 2020 | F123: For RTS
B124: FX506ll | C124: Asus | D124: 2021 | F124: Reserve
B125: Predator Helios 300 | C125: Acer | D125: 2021
B126: Mac Mini Desktop | C126: Apple | D126: 2022
B127: Macbook Pro 14 Inch M2 | C127: Apple | D127: 2023
B128: Macbook Pro 13 Inch M2 | C128: Apple | D128: 2023
B129: Macbook Air 13 inch M2 | C129: Apple | D129: 2023
B130: Macbook Pro 14 Inch M3 | C130: Apple | D130: 2023
B131: Macbook Air 13 inch 2017 | C131: Apple | D131: 2017
B132: Macbook Air 13 inch M1 | C132: Apple | D132: 2022
B133: Travelmate | C133: Acer | D133: 2022
B134: ASPIRE 3 i5 | C134: Acer | D134: 2021
B135: Predator Helios 16 | C135: Acer | D135: 2024
B139: Tablets | C139: Brand | D139: Year Acquired | F139: Action / Remarks
B140: Xiaomi Pad 6 | C140: Xiaomi | D140: 2023 | F140: For Transfer
B141: Xiaomi Pad 6 (Last Batch) | C141: Xiaomi | D141: 2024 | F141: For RTS
B142: iPad | C142: Apple | D142: 2023 | F142: Reserve
B143: Samsung Galaxy Tab | C143: Samsung | D143: 2024
B146: Body Mounted Action Camera | C146: Brand | D146: Year Acquired | F146: Action / Remarks
B147: GoPro Hero 12 Black Creator | C147: GoPro | D147: 2024 | F147: For Transfer
F148: For RTS
F149: Reserve
B151: Printer | C151: Brand | F151: Action / Remarks
B152: Color Lazer Jet Enterprise MFP M681 | C152: HP | D152: 2021 | F152: For Transfer
B153: Color Lazer Jet Pro MFP M479fnw | C153: HP | D153: 2021 | F153: For RTS
B154: LazerJet Pro 200 color M251n | C154: HP | F154: Reserve
B155: ECOYS M5526cdw | C155: KYOCERA
B156: 6053ci | C156: KYOCERA
B157: WF-C579R | C157: EPSON
B158: L5290 | C158: EPSON
B159: MFC-J3540DW | C159: BROTHER | D159: 2023
B160: MFC-L8900CDW | C160: BROTHER | D160: 2024
B161: DCP-T720DW | C161: BROTHER
